asset,pair,mode,sharpe,cagr,max_dd,calmar,trades,years
index/^GSPC,5/35,long,0.47,0.047,-0.199,0.234,113.0,10.1
index/^GSPC,5/35,ls,-0.264,-0.054,-0.522,-0.104,56.5,10.1
index/^GSPC,9/21,long,0.426,0.041,-0.191,0.217,121.0,10.1
index/^GSPC,9/21,ls,-0.255,-0.054,-0.597,-0.09,60.5,10.1
index/^GSPC,10/20,long,0.496,0.049,-0.175,0.282,111.0,10.1
index/^GSPC,10/20,ls,-0.16,-0.039,-0.531,-0.073,55.5,10.1
index/^GSPC,12/26,long,0.563,0.056,-0.183,0.309,81.0,10.1
index/^GSPC,12/26,ls,-0.051,-0.021,-0.478,-0.045,40.5,10.1
index/^GSPC,20/50,long,0.667,0.074,-0.221,0.334,41.0,10.1
index/^GSPC,20/50,ls,0.072,-0.001,-0.348,-0.003,20.5,10.1
index/^GSPC,21/55,long,0.697,0.077,-0.208,0.371,37.0,10.1
index/^GSPC,21/55,ls,0.173,0.015,-0.345,0.043,18.5,10.1
index/^GSPC,32/384,long,0.575,0.071,-0.23,0.308,8.0,10.1
index/^GSPC,32/384,ls,0.246,0.026,-0.312,0.082,4.0,10.1
index/^GSPC,50/200,long,0.53,0.062,-0.215,0.289,11.0,10.1
index/^GSPC,50/200,ls,0.169,0.014,-0.353,0.04,5.5,10.1
index/^GSPC,58/134,long,0.597,0.069,-0.202,0.34,9.0,10.1
index/^GSPC,58/134,ls,0.153,0.012,-0.38,0.031,4.5,10.1
index/^GSPC,60/130,long,0.644,0.075,-0.203,0.371,9.0,10.1
index/^GSPC,60/130,ls,0.197,0.018,-0.373,0.05,4.5,10.1
index/^GSPC,60/132,long,0.62,0.072,-0.211,0.342,9.0,10.1
index/^GSPC,60/132,ls,0.17,0.014,-0.373,0.038,4.5,10.1
index/^GSPC,62/128,long,0.637,0.074,-0.211,0.353,9.0,10.1
index/^GSPC,62/128,ls,0.185,0.017,-0.373,0.045,4.5,10.1
index/^GSPC,62/130,long,0.663,0.078,-0.181,0.433,9.0,10.1
index/^GSPC,62/130,ls,0.234,0.024,-0.375,0.065,4.5,10.1
index/^GSPC,78/118,long,0.691,0.083,-0.182,0.456,9.0,10.1
index/^GSPC,78/118,ls,0.302,0.035,-0.336,0.104,4.5,10.1
index/^GSPC,80/144,long,0.6,0.072,-0.184,0.394,9.0,10.1
index/^GSPC,80/144,ls,0.236,0.024,-0.3,0.081,4.5,10.1
index/^GSPC,100/300,long,0.61,0.082,-0.211,0.389,4.0,10.1
index/^GSPC,100/300,ls,0.455,0.059,-0.269,0.218,2.0,10.1
index/^GSPC,116/378,long,0.802,0.112,-0.198,0.566,2.0,10.1
index/^GSPC,116/378,ls,0.725,0.1,-0.217,0.462,1.0,10.1
index/^GSPC,120/398,long,0.786,0.109,-0.198,0.552,2.0,10.1
index/^GSPC,120/398,ls,0.766,0.106,-0.198,0.537,1.0,10.1
index/^GSPC,200/400,long,0.802,0.112,-0.198,0.567,0.0,10.1
index/^GSPC,200/400,ls,0.802,0.112,-0.198,0.567,0.0,10.1
index/^GSPC,buy & hold,-,0.802,0.112,-0.198,0.567,,10.1
index/^IXIC,5/35,long,0.762,0.092,-0.189,0.487,95.0,10.1
index/^IXIC,5/35,ls,0.035,-0.01,-0.437,-0.023,47.5,10.1
index/^IXIC,9/21,long,0.719,0.086,-0.165,0.524,101.0,10.1
index/^IXIC,9/21,ls,0.019,-0.013,-0.386,-0.034,50.5,10.1
index/^IXIC,10/20,long,0.738,0.088,-0.153,0.579,99.0,10.1
index/^IXIC,10/20,ls,0.034,-0.011,-0.4,-0.026,49.5,10.1
index/^IXIC,12/26,long,0.735,0.087,-0.229,0.382,79.0,10.1
index/^IXIC,12/26,ls,0.063,-0.005,-0.433,-0.012,39.5,10.1
index/^IXIC,20/50,long,0.671,0.084,-0.266,0.314,47.0,10.1
index/^IXIC,20/50,ls,-0.039,-0.023,-0.544,-0.042,23.5,10.1
index/^IXIC,21/55,long,0.645,0.081,-0.261,0.308,41.0,10.1
index/^IXIC,21/55,ls,-0.009,-0.017,-0.542,-0.032,20.5,10.1
index/^IXIC,32/384,long,0.726,0.111,-0.232,0.477,6.0,10.1
index/^IXIC,32/384,ls,0.481,0.069,-0.35,0.198,3.0,10.1
index/^IXIC,50/200,long,0.635,0.089,-0.301,0.295,11.0,10.1
index/^IXIC,50/200,ls,0.259,0.03,-0.452,0.067,5.5,10.1
index/^IXIC,58/134,long,0.75,0.105,-0.265,0.395,13.0,10.1
index/^IXIC,58/134,ls,0.35,0.046,-0.397,0.117,6.5,10.1
index/^IXIC,60/130,long,0.8,0.113,-0.251,0.451,11.0,10.1
index/^IXIC,60/130,ls,0.401,0.056,-0.373,0.15,5.5,10.1
index/^IXIC,60/132,long,0.789,0.111,-0.251,0.443,11.0,10.1
index/^IXIC,60/132,ls,0.395,0.055,-0.373,0.147,5.5,10.1
index/^IXIC,62/128,long,0.801,0.113,-0.249,0.455,11.0,10.1
index/^IXIC,62/128,ls,0.4,0.056,-0.369,0.151,5.5,10.1
index/^IXIC,62/130,long,0.813,0.115,-0.251,0.458,11.0,10.1
index/^IXIC,62/130,ls,0.424,0.06,-0.374,0.161,5.5,10.1
index/^IXIC,78/118,long,0.812,0.117,-0.232,0.502,9.0,10.1
index/^IXIC,78/118,ls,0.451,0.065,-0.342,0.191,4.5,10.1
index/^IXIC,80/144,long,0.618,0.086,-0.3,0.286,9.0,10.1
index/^IXIC,80/144,ls,0.187,0.017,-0.451,0.039,4.5,10.1
index/^IXIC,100/300,long,0.743,0.119,-0.244,0.489,2.0,10.1
index/^IXIC,100/300,ls,0.636,0.1,-0.353,0.282,1.0,10.1
index/^IXIC,116/378,long,0.962,0.16,-0.236,0.677,0.0,10.1
index/^IXIC,116/378,ls,0.962,0.16,-0.236,0.677,0.0,10.1
index/^IXIC,120/398,long,0.909,0.149,-0.236,0.631,0.0,10.1
index/^IXIC,120/398,ls,0.909,0.149,-0.236,0.631,0.0,10.1
index/^IXIC,200/400,long,0.907,0.149,-0.236,0.629,0.0,10.1
index/^IXIC,200/400,ls,0.907,0.149,-0.236,0.629,0.0,10.1
index/^IXIC,buy & hold,-,0.907,0.149,-0.236,0.629,,10.1
etf/SPY,5/35,long,0.609,0.063,-0.206,0.304,111.0,10.1
etf/SPY,5/35,ls,-0.198,-0.044,-0.465,-0.094,55.5,10.1
etf/SPY,9/21,long,0.63,0.066,-0.19,0.346,111.0,10.1
etf/SPY,9/21,ls,-0.096,-0.028,-0.519,-0.054,55.5,10.1
etf/SPY,10/20,long,0.589,0.061,-0.175,0.348,107.0,10.1
etf/SPY,10/20,ls,-0.145,-0.036,-0.554,-0.065,53.5,10.1
etf/SPY,12/26,long,0.592,0.06,-0.184,0.327,99.0,10.1
etf/SPY,12/26,ls,-0.127,-0.033,-0.545,-0.061,49.5,10.1
etf/SPY,20/50,long,0.871,0.1,-0.193,0.519,33.0,10.1
etf/SPY,20/50,ls,0.262,0.029,-0.314,0.093,16.5,10.1
etf/SPY,21/55,long,0.891,0.103,-0.178,0.577,33.0,10.1
etf/SPY,21/55,ls,0.353,0.044,-0.297,0.146,16.5,10.1
etf/SPY,32/384,long,0.79,0.106,-0.212,0.499,6.0,10.1
etf/SPY,32/384,ls,0.56,0.073,-0.284,0.258,3.0,10.1
etf/SPY,50/200,long,0.66,0.082,-0.191,0.428,7.0,10.1
etf/SPY,50/200,ls,0.287,0.032,-0.325,0.099,3.5,10.1
etf/SPY,58/134,long,0.777,0.095,-0.206,0.461,11.0,10.1
etf/SPY,58/134,ls,0.347,0.042,-0.362,0.115,5.5,10.1
etf/SPY,60/130,long,0.826,0.102,-0.199,0.512,11.0,10.1
etf/SPY,60/130,ls,0.396,0.049,-0.351,0.141,5.5,10.1
etf/SPY,60/132,long,0.805,0.099,-0.206,0.481,11.0,10.1
etf/SPY,60/132,ls,0.375,0.046,-0.362,0.127,5.5,10.1
etf/SPY,62/128,long,0.835,0.103,-0.198,0.522,11.0,10.1
etf/SPY,62/128,ls,0.411,0.052,-0.346,0.149,5.5,10.1
etf/SPY,62/130,long,0.831,0.103,-0.201,0.512,11.0,10.1
etf/SPY,62/130,ls,0.405,0.051,-0.351,0.145,5.5,10.1
etf/SPY,78/118,long,0.816,0.102,-0.173,0.591,11.0,10.1
etf/SPY,78/118,ls,0.414,0.052,-0.292,0.179,5.5,10.1
etf/SPY,80/144,long,0.691,0.086,-0.173,0.498,9.0,10.1
etf/SPY,80/144,ls,0.278,0.031,-0.305,0.101,4.5,10.1
etf/SPY,100/300,long,0.804,0.114,-0.193,0.59,2.0,10.1
etf/SPY,100/300,ls,0.724,0.102,-0.214,0.476,1.0,10.1
etf/SPY,116/378,long,1.01,0.146,-0.193,0.756,0.0,10.1
etf/SPY,116/378,ls,1.01,0.146,-0.193,0.756,0.0,10.1
etf/SPY,120/398,long,0.944,0.135,-0.193,0.695,0.0,10.1
etf/SPY,120/398,ls,0.944,0.135,-0.193,0.695,0.0,10.1
etf/SPY,200/400,long,0.943,0.134,-0.193,0.695,0.0,10.1
etf/SPY,200/400,ls,0.943,0.134,-0.193,0.695,0.0,10.1
etf/SPY,buy & hold,-,0.943,0.134,-0.193,0.695,,10.1
etf/QQQ,5/35,long,0.756,0.091,-0.205,0.443,117.0,10.1
etf/QQQ,5/35,ls,-0.11,-0.036,-0.6,-0.059,58.5,10.1
etf/QQQ,9/21,long,0.622,0.073,-0.196,0.371,115.0,10.1
etf/QQQ,9/21,ls,-0.256,-0.061,-0.617,-0.099,57.5,10.1
etf/QQQ,10/20,long,0.667,0.079,-0.173,0.456,115.0,10.1
etf/QQQ,10/20,ls,-0.199,-0.051,-0.577,-0.089,57.5,10.1
etf/QQQ,12/26,long,0.669,0.08,-0.26,0.31,80.0,10.1
etf/QQQ,12/26,ls,-0.14,-0.041,-0.578,-0.071,40.0,10.1
etf/QQQ,20/50,long,0.748,0.097,-0.251,0.389,43.0,10.1
etf/QQQ,20/50,ls,-0.021,-0.02,-0.565,-0.035,21.5,10.1
etf/QQQ,21/55,long,0.684,0.089,-0.29,0.307,39.0,10.1
etf/QQQ,21/55,ls,-0.055,-0.025,-0.628,-0.04,19.5,10.1
etf/QQQ,32/384,long,0.967,0.161,-0.228,0.705,4.0,10.1
etf/QQQ,32/384,ls,0.851,0.14,-0.247,0.566,2.0,10.1
etf/QQQ,50/200,long,0.9,0.146,-0.198,0.736,5.0,10.1
etf/QQQ,50/200,ls,0.717,0.116,-0.278,0.417,2.5,10.1
etf/QQQ,58/134,long,0.846,0.13,-0.242,0.536,9.0,10.1
etf/QQQ,58/134,ls,0.479,0.071,-0.363,0.194,4.5,10.1
etf/QQQ,60/130,long,0.882,0.137,-0.242,0.564,9.0,10.1
etf/QQQ,60/130,ls,0.513,0.077,-0.363,0.212,4.5,10.1
etf/QQQ,60/132,long,0.868,0.134,-0.242,0.553,9.0,10.1
etf/QQQ,60/132,ls,0.5,0.075,-0.363,0.206,4.5,10.1
etf/QQQ,62/128,long,0.886,0.137,-0.242,0.567,9.0,10.1
etf/QQQ,62/128,ls,0.516,0.078,-0.363,0.214,4.5,10.1
etf/QQQ,62/130,long,0.877,0.136,-0.242,0.56,9.0,10.1
etf/QQQ,62/130,ls,0.504,0.075,-0.373,0.202,4.5,10.1
etf/QQQ,78/118,long,0.91,0.143,-0.273,0.525,7.0,10.1
etf/QQQ,78/118,ls,0.595,0.092,-0.423,0.218,3.5,10.1
etf/QQQ,80/144,long,0.915,0.148,-0.211,0.699,7.0,10.1
etf/QQQ,80/144,ls,0.703,0.113,-0.304,0.371,3.5,10.1
etf/QQQ,100/300,long,0.981,0.168,-0.228,0.739,0.0,10.1
etf/QQQ,100/300,ls,0.981,0.168,-0.228,0.739,0.0,10.1
etf/QQQ,116/378,long,1.098,0.189,-0.228,0.83,0.0,10.1
etf/QQQ,116/378,ls,1.098,0.189,-0.228,0.83,0.0,10.1
etf/QQQ,120/398,long,1.045,0.178,-0.228,0.781,0.0,10.1
etf/QQQ,120/398,ls,1.045,0.178,-0.228,0.781,0.0,10.1
etf/QQQ,200/400,long,1.042,0.177,-0.228,0.779,0.0,10.1
etf/QQQ,200/400,ls,1.042,0.177,-0.228,0.779,0.0,10.1
etf/QQQ,buy & hold,-,1.042,0.177,-0.228,0.779,,10.1
stock/AAPL,5/35,long,1.044,0.206,-0.26,0.79,108.0,10.1
stock/AAPL,5/35,ls,0.275,0.039,-0.608,0.063,54.0,10.1
stock/AAPL,9/21,long,1.079,0.212,-0.247,0.859,98.0,10.1
stock/AAPL,9/21,ls,0.334,0.055,-0.563,0.098,49.0,10.1
stock/AAPL,10/20,long,1.078,0.213,-0.247,0.864,98.0,10.1
stock/AAPL,10/20,ls,0.338,0.056,-0.563,0.1,49.0,10.1
stock/AAPL,12/26,long,0.973,0.192,-0.245,0.784,84.0,10.1
stock/AAPL,12/26,ls,0.26,0.035,-0.519,0.066,42.0,10.1
stock/AAPL,20/50,long,1.145,0.25,-0.289,0.865,45.0,10.1
stock/AAPL,20/50,ls,0.605,0.133,-0.516,0.258,22.5,10.1
stock/AAPL,21/55,long,1.153,0.252,-0.269,0.938,35.0,10.1
stock/AAPL,21/55,ls,0.667,0.152,-0.459,0.33,17.5,10.1
stock/AAPL,32/384,long,0.795,0.172,-0.386,0.446,7.0,10.1
stock/AAPL,32/384,ls,0.424,0.079,-0.543,0.146,3.5,10.1
stock/AAPL,50/200,long,1.076,0.246,-0.32,0.768,7.0,10.1
stock/AAPL,50/200,ls,0.817,0.197,-0.428,0.46,3.5,10.1
stock/AAPL,58/134,long,1.197,0.275,-0.292,0.942,5.0,10.1
stock/AAPL,58/134,ls,0.919,0.229,-0.384,0.596,2.5,10.1
stock/AAPL,60/130,long,1.217,0.281,-0.312,0.899,5.0,10.1
stock/AAPL,60/130,ls,0.924,0.23,-0.419,0.55,2.5,10.1
stock/AAPL,60/132,long,1.211,0.279,-0.292,0.956,5.0,10.1
stock/AAPL,60/132,ls,0.932,0.233,-0.384,0.607,2.5,10.1
stock/AAPL,62/128,long,1.232,0.285,-0.292,0.977,5.0,10.1
stock/AAPL,62/128,ls,0.951,0.239,-0.384,0.623,2.5,10.1
stock/AAPL,62/130,long,1.233,0.286,-0.292,0.977,5.0,10.1
stock/AAPL,62/130,ls,0.954,0.24,-0.384,0.625,2.5,10.1
stock/AAPL,78/118,long,1.23,0.286,-0.317,0.903,5.0,10.1
stock/AAPL,78/118,ls,0.966,0.244,-0.426,0.573,2.5,10.1
stock/AAPL,80/144,long,1.181,0.275,-0.307,0.894,5.0,10.1
stock/AAPL,80/144,ls,0.952,0.239,-0.407,0.588,2.5,10.1
stock/AAPL,100/300,long,0.83,0.188,-0.411,0.457,5.0,10.1
stock/AAPL,100/300,ls,0.522,0.108,-0.557,0.193,2.5,10.1
stock/AAPL,116/378,long,0.853,0.197,-0.423,0.465,4.0,10.1
stock/AAPL,116/378,ls,0.602,0.13,-0.57,0.228,2.0,10.1
stock/AAPL,120/398,long,0.792,0.182,-0.401,0.454,6.0,10.1
stock/AAPL,120/398,ls,0.535,0.111,-0.564,0.196,3.0,10.1
stock/AAPL,200/400,long,0.934,0.23,-0.401,0.572,2.0,10.1
stock/AAPL,200/400,ls,0.85,0.205,-0.433,0.472,1.0,10.1
stock/AAPL,buy & hold,-,1.006,0.254,-0.401,0.633,,10.1
stock/MSFT,5/35,long,0.609,0.1,-0.275,0.364,103.0,10.1
stock/MSFT,5/35,ls,-0.063,-0.043,-0.717,-0.06,51.5,10.1
stock/MSFT,9/21,long,0.557,0.09,-0.26,0.344,99.0,10.1
stock/MSFT,9/21,ls,-0.128,-0.059,-0.675,-0.087,49.5,10.1
stock/MSFT,10/20,long,0.498,0.078,-0.304,0.255,101.0,10.1
stock/MSFT,10/20,ls,-0.234,-0.083,-0.739,-0.112,50.5,10.1
stock/MSFT,12/26,long,0.644,0.108,-0.329,0.329,69.0,10.1
stock/MSFT,12/26,ls,0.05,-0.017,-0.672,-0.026,34.5,10.1
stock/MSFT,20/50,long,0.757,0.133,-0.235,0.565,45.0,10.1
stock/MSFT,20/50,ls,0.158,0.009,-0.53,0.017,22.5,10.1
stock/MSFT,21/55,long,0.729,0.129,-0.299,0.431,41.0,10.1
stock/MSFT,21/55,ls,0.188,0.016,-0.599,0.027,20.5,10.1
stock/MSFT,32/384,long,0.874,0.186,-0.22,0.849,9.0,10.1
stock/MSFT,32/384,ls,0.727,0.151,-0.338,0.448,4.5,10.1
stock/MSFT,50/200,long,0.667,0.128,-0.38,0.337,10.0,10.1
stock/MSFT,50/200,ls,0.356,0.057,-0.552,0.103,5.0,10.1
stock/MSFT,58/134,long,0.696,0.134,-0.388,0.345,14.0,10.1
stock/MSFT,58/134,ls,0.372,0.061,-0.554,0.11,7.0,10.1
stock/MSFT,60/130,long,0.725,0.141,-0.392,0.36,14.0,10.1
stock/MSFT,60/130,ls,0.397,0.067,-0.561,0.12,7.0,10.1
stock/MSFT,60/132,long,0.716,0.139,-0.384,0.362,12.0,10.1
stock/MSFT,60/132,ls,0.395,0.067,-0.549,0.122,6.0,10.1
stock/MSFT,62/128,long,0.724,0.141,-0.392,0.359,12.0,10.1
stock/MSFT,62/128,ls,0.397,0.067,-0.561,0.12,6.0,10.1
stock/MSFT,62/130,long,0.726,0.142,-0.392,0.361,12.0,10.1
stock/MSFT,62/130,ls,0.399,0.068,-0.561,0.121,6.0,10.1
stock/MSFT,78/118,long,0.734,0.143,-0.384,0.373,12.0,10.1
stock/MSFT,78/118,ls,0.434,0.077,-0.549,0.139,6.0,10.1
stock/MSFT,80/144,long,0.725,0.141,-0.405,0.348,10.0,10.1
stock/MSFT,80/144,ls,0.424,0.074,-0.585,0.126,5.0,10.1
stock/MSFT,100/300,long,0.74,0.153,-0.344,0.444,8.0,10.1
stock/MSFT,100/300,ls,0.581,0.114,-0.474,0.24,4.0,10.1
stock/MSFT,116/378,long,0.986,0.221,-0.2,1.108,2.0,10.1
stock/MSFT,116/378,ls,0.954,0.213,-0.245,0.869,1.0,10.1
stock/MSFT,120/398,long,0.958,0.214,-0.182,1.175,0.0,10.1
stock/MSFT,120/398,ls,0.958,0.214,-0.182,1.175,0.0,10.1
stock/MSFT,200/400,long,0.97,0.218,-0.182,1.194,0.0,10.1
stock/MSFT,200/400,ls,0.97,0.218,-0.182,1.194,0.0,10.1
stock/MSFT,buy & hold,-,0.97,0.218,-0.182,1.194,,10.1
fut_equity/DAX,5/35,long,0.276,0.025,-0.343,0.073,253.0,24.0
fut_equity/DAX,5/35,ls,0.122,0.006,-0.587,0.011,126.5,24.0
fut_equity/DAX,9/21,long,0.335,0.032,-0.235,0.135,251.0,24.0
fut_equity/DAX,9/21,ls,0.195,0.019,-0.383,0.049,125.5,24.0
fut_equity/DAX,10/20,long,0.314,0.029,-0.237,0.123,243.0,24.0
fut_equity/DAX,10/20,ls,0.167,0.014,-0.41,0.034,121.5,24.0
fut_equity/DAX,12/26,long,0.31,0.029,-0.244,0.119,193.0,24.0
fut_equity/DAX,12/26,ls,0.168,0.014,-0.458,0.031,96.5,24.0
fut_equity/DAX,20/50,long,0.125,0.008,-0.323,0.024,127.0,24.0
fut_equity/DAX,20/50,ls,-0.073,-0.027,-0.737,-0.037,63.5,24.0
fut_equity/DAX,21/55,long,0.196,0.016,-0.319,0.05,107.0,24.0
fut_equity/DAX,21/55,ls,0.023,-0.011,-0.671,-0.016,53.5,24.0
fut_equity/DAX,32/384,long,0.223,0.02,-0.431,0.047,23.0,24.0
fut_equity/DAX,32/384,ls,-0.016,-0.018,-0.699,-0.025,11.5,24.0
fut_equity/DAX,50/200,long,0.231,0.021,-0.441,0.048,27.0,24.0
fut_equity/DAX,50/200,ls,0.055,-0.005,-0.742,-0.007,13.5,24.0
fut_equity/DAX,58/134,long,0.332,0.033,-0.38,0.088,27.0,24.0
fut_equity/DAX,58/134,ls,0.205,0.021,-0.612,0.034,13.5,24.0
fut_equity/DAX,60/130,long,0.309,0.03,-0.38,0.08,31.0,24.0
fut_equity/DAX,60/130,ls,0.182,0.017,-0.617,0.027,15.5,24.0
fut_equity/DAX,60/132,long,0.341,0.034,-0.381,0.09,25.0,24.0
fut_equity/DAX,60/132,ls,0.221,0.024,-0.614,0.038,12.5,24.0
fut_equity/DAX,62/128,long,0.317,0.032,-0.381,0.083,29.0,24.0
fut_equity/DAX,62/128,ls,0.196,0.019,-0.618,0.031,14.5,24.0
fut_equity/DAX,62/130,long,0.338,0.034,-0.376,0.091,25.0,24.0
fut_equity/DAX,62/130,ls,0.221,0.024,-0.624,0.038,12.5,24.0
fut_equity/DAX,78/118,long,0.325,0.033,-0.387,0.084,23.0,24.0
fut_equity/DAX,78/118,ls,0.213,0.022,-0.621,0.035,11.5,24.0
fut_equity/DAX,80/144,long,0.241,0.022,-0.421,0.053,23.0,24.0
fut_equity/DAX,80/144,ls,0.086,-0.0,-0.715,-0.0,11.5,24.0
fut_equity/DAX,100/300,long,0.246,0.024,-0.433,0.054,15.0,24.0
fut_equity/DAX,100/300,ls,0.08,-0.001,-0.72,-0.002,7.5,24.0
fut_equity/DAX,116/378,long,0.172,0.014,-0.455,0.031,15.0,24.0
fut_equity/DAX,116/378,ls,-0.061,-0.025,-0.775,-0.033,7.5,24.0
fut_equity/DAX,120/398,long,0.164,0.013,-0.456,0.029,15.0,24.0
fut_equity/DAX,120/398,ls,-0.093,-0.031,-0.79,-0.039,7.5,24.0
fut_equity/DAX,200/400,long,0.133,0.009,-0.474,0.019,17.0,24.0
fut_equity/DAX,200/400,ls,-0.136,-0.038,-0.815,-0.046,8.5,24.0
fut_equity/DAX,buy & hold,-,0.342,0.045,-0.469,0.096,,24.0
fut_commodity/GOLD,5/35,long,0.078,0.003,-0.451,0.007,541.0,39.7
fut_commodity/GOLD,5/35,ls,-0.036,-0.01,-0.628,-0.016,270.5,39.7
fut_commodity/GOLD,9/21,long,0.172,0.011,-0.382,0.028,505.0,39.7
fut_commodity/GOLD,9/21,ls,0.104,0.005,-0.412,0.013,252.5,39.7
fut_commodity/GOLD,10/20,long,0.166,0.01,-0.385,0.027,495.0,39.7
fut_commodity/GOLD,10/20,ls,0.095,0.004,-0.409,0.011,247.5,39.7
fut_commodity/GOLD,12/26,long,0.141,0.008,-0.389,0.021,391.0,39.7
fut_commodity/GOLD,12/26,ls,0.059,0.0,-0.497,0.001,195.5,39.7
fut_commodity/GOLD,20/50,long,0.13,0.007,-0.42,0.018,223.0,39.7
fut_commodity/GOLD,20/50,ls,0.047,-0.001,-0.441,-0.002,111.5,39.7
fut_commodity/GOLD,21/55,long,0.111,0.006,-0.414,0.014,217.0,39.7
fut_commodity/GOLD,21/55,ls,0.017,-0.004,-0.506,-0.008,108.5,39.7
fut_commodity/GOLD,32/384,long,0.231,0.017,-0.34,0.051,49.0,39.7
fut_commodity/GOLD,32/384,ls,0.225,0.019,-0.495,0.038,24.5,39.7
fut_commodity/GOLD,50/200,long,0.246,0.018,-0.351,0.053,59.0,39.7
fut_commodity/GOLD,50/200,ls,0.243,0.021,-0.417,0.05,29.5,39.7
fut_commodity/GOLD,58/134,long,0.203,0.014,-0.367,0.039,67.0,39.7
fut_commodity/GOLD,58/134,ls,0.173,0.013,-0.399,0.033,33.5,39.7
fut_commodity/GOLD,60/130,long,0.205,0.015,-0.359,0.04,67.0,39.7
fut_commodity/GOLD,60/130,ls,0.176,0.013,-0.403,0.033,33.5,39.7
fut_commodity/GOLD,60/132,long,0.197,0.014,-0.367,0.037,67.0,39.7
fut_commodity/GOLD,60/132,ls,0.164,0.012,-0.405,0.03,33.5,39.7
fut_commodity/GOLD,62/128,long,0.198,0.014,-0.365,0.038,67.0,39.7
fut_commodity/GOLD,62/128,ls,0.166,0.012,-0.405,0.03,33.5,39.7
fut_commodity/GOLD,62/130,long,0.2,0.014,-0.368,0.038,69.0,39.7
fut_commodity/GOLD,62/130,ls,0.169,0.013,-0.397,0.032,34.5,39.7
fut_commodity/GOLD,78/118,long,0.227,0.016,-0.373,0.044,63.0,39.7
fut_commodity/GOLD,78/118,ls,0.213,0.017,-0.358,0.049,31.5,39.7
fut_commodity/GOLD,80/144,long,0.249,0.019,-0.34,0.055,53.0,39.7
fut_commodity/GOLD,80/144,ls,0.251,0.022,-0.389,0.056,26.5,39.7
fut_commodity/GOLD,100/300,long,0.229,0.017,-0.332,0.052,33.0,39.7
fut_commodity/GOLD,100/300,ls,0.224,0.019,-0.509,0.037,16.5,39.7
fut_commodity/GOLD,116/378,long,0.22,0.017,-0.409,0.041,27.0,39.7
fut_commodity/GOLD,116/378,ls,0.215,0.018,-0.513,0.035,13.5,39.7
fut_commodity/GOLD,120/398,long,0.255,0.02,-0.392,0.051,21.0,39.7
fut_commodity/GOLD,120/398,ls,0.277,0.025,-0.478,0.052,10.5,39.7
fut_commodity/GOLD,200/400,long,0.244,0.019,-0.368,0.052,21.0,39.7
fut_commodity/GOLD,200/400,ls,0.257,0.023,-0.514,0.044,10.5,39.7
fut_commodity/GOLD,buy & hold,-,0.166,0.012,-0.602,0.02,,39.7
fx_futures/JPY,5/35,long,0.018,-0.001,-0.395,-0.002,479.0,37.9
fx_futures/JPY,5/35,ls,0.216,0.014,-0.457,0.031,239.5,37.9
fx_futures/JPY,9/21,long,0.006,-0.001,-0.427,-0.003,473.0,37.9
fx_futures/JPY,9/21,ls,0.198,0.013,-0.473,0.026,236.5,37.9
fx_futures/JPY,10/20,long,0.031,0.0,-0.399,0.0,459.0,37.9
fx_futures/JPY,10/20,ls,0.236,0.016,-0.438,0.035,229.5,37.9
fx_futures/JPY,12/26,long,0.13,0.006,-0.29,0.02,353.0,37.9
fx_futures/JPY,12/26,ls,0.383,0.027,-0.243,0.112,176.5,37.9
fx_futures/JPY,20/50,long,0.14,0.006,-0.282,0.023,179.0,37.9
fx_futures/JPY,20/50,ls,0.395,0.028,-0.352,0.08,89.5,37.9
fx_futures/JPY,21/55,long,0.135,0.006,-0.304,0.02,169.0,37.9
fx_futures/JPY,21/55,ls,0.389,0.028,-0.379,0.073,84.5,37.9
fx_futures/JPY,32/384,long,0.089,0.003,-0.246,0.014,57.0,37.9
fx_futures/JPY,32/384,ls,0.351,0.025,-0.313,0.08,28.5,37.9
fx_futures/JPY,50/200,long,0.101,0.004,-0.235,0.018,59.0,37.9
fx_futures/JPY,50/200,ls,0.355,0.025,-0.301,0.084,29.5,37.9
fx_futures/JPY,58/134,long,0.031,0.0,-0.341,0.001,73.0,37.9
fx_futures/JPY,58/134,ls,0.243,0.016,-0.284,0.057,36.5,37.9
fx_futures/JPY,60/130,long,0.023,-0.0,-0.353,-0.001,71.0,37.9
fx_futures/JPY,60/130,ls,0.232,0.015,-0.296,0.052,35.5,37.9
fx_futures/JPY,60/132,long,0.043,0.001,-0.331,0.003,69.0,37.9
fx_futures/JPY,60/132,ls,0.261,0.018,-0.284,0.062,34.5,37.9
fx_futures/JPY,62/128,long,0.032,0.0,-0.338,0.001,71.0,37.9
fx_futures/JPY,62/128,ls,0.246,0.016,-0.281,0.058,35.5,37.9
fx_futures/JPY,62/130,long,0.05,0.001,-0.317,0.004,67.0,37.9
fx_futures/JPY,62/130,ls,0.271,0.018,-0.289,0.064,33.5,37.9
fx_futures/JPY,78/118,long,0.057,0.002,-0.311,0.005,67.0,37.9
fx_futures/JPY,78/118,ls,0.281,0.019,-0.285,0.067,33.5,37.9
fx_futures/JPY,80/144,long,0.133,0.006,-0.22,0.027,49.0,37.9
fx_futures/JPY,80/144,ls,0.39,0.028,-0.3,0.093,24.5,37.9
fx_futures/JPY,100/300,long,0.088,0.003,-0.233,0.015,27.0,37.9
fx_futures/JPY,100/300,ls,0.353,0.025,-0.314,0.08,13.5,37.9
fx_futures/JPY,116/378,long,0.046,0.001,-0.265,0.004,25.0,37.9
fx_futures/JPY,116/378,ls,0.286,0.02,-0.376,0.052,12.5,37.9
fx_futures/JPY,120/398,long,0.088,0.003,-0.233,0.014,23.0,37.9
fx_futures/JPY,120/398,ls,0.343,0.024,-0.343,0.071,11.5,37.9
fx_futures/JPY,200/400,long,0.026,-0.0,-0.283,-0.0,19.0,37.9
fx_futures/JPY,200/400,ls,0.255,0.017,-0.294,0.059,9.5,37.9
fx_futures/JPY,buy & hold,-,-0.219,-0.02,-0.65,-0.031,,37.9
crypto/BTC_20_26,5/35,long,1.119,0.463,-0.562,0.824,85.0,6.2
crypto/BTC_20_26,5/35,ls,0.707,0.28,-0.61,0.459,42.5,6.2
crypto/BTC_20_26,9/21,long,1.106,0.456,-0.613,0.744,87.0,6.2
crypto/BTC_20_26,9/21,ls,0.671,0.252,-0.719,0.35,43.5,6.2
crypto/BTC_20_26,10/20,long,1.125,0.466,-0.622,0.75,81.0,6.2
crypto/BTC_20_26,10/20,ls,0.693,0.269,-0.723,0.372,40.5,6.2
crypto/BTC_20_26,12/26,long,1.068,0.437,-0.59,0.741,67.0,6.2
crypto/BTC_20_26,12/26,ls,0.638,0.227,-0.661,0.344,33.5,6.2
crypto/BTC_20_26,20/50,long,1.032,0.423,-0.494,0.857,35.0,6.2
crypto/BTC_20_26,20/50,ls,0.631,0.222,-0.658,0.337,17.5,6.2
crypto/BTC_20_26,21/55,long,1.038,0.422,-0.507,0.833,35.0,6.2
crypto/BTC_20_26,21/55,ls,0.611,0.207,-0.6,0.345,17.5,6.2
crypto/BTC_20_26,32/384,long,0.624,0.202,-0.578,0.35,7.0,6.2
crypto/BTC_20_26,32/384,ls,0.538,0.155,-0.716,0.217,3.5,6.2
crypto/BTC_20_26,50/200,long,1.128,0.536,-0.617,0.869,7.0,6.2
crypto/BTC_20_26,50/200,ls,0.983,0.497,-0.753,0.661,3.5,6.2
crypto/BTC_20_26,58/134,long,1.029,0.449,-0.604,0.744,11.0,6.2
crypto/BTC_20_26,58/134,ls,0.8,0.345,-0.768,0.449,5.5,6.2
crypto/BTC_20_26,60/130,long,1.055,0.467,-0.594,0.787,13.0,6.2
crypto/BTC_20_26,60/130,ls,0.812,0.354,-0.768,0.461,6.5,6.2
crypto/BTC_20_26,60/132,long,1.111,0.509,-0.558,0.913,11.0,6.2
crypto/BTC_20_26,60/132,ls,0.916,0.438,-0.707,0.62,5.5,6.2
crypto/BTC_20_26,62/128,long,1.057,0.472,-0.561,0.84,13.0,6.2
crypto/BTC_20_26,62/128,ls,0.861,0.394,-0.712,0.553,6.5,6.2
crypto/BTC_20_26,62/130,long,1.11,0.508,-0.558,0.911,11.0,6.2
crypto/BTC_20_26,62/130,ls,0.912,0.435,-0.707,0.615,5.5,6.2
crypto/BTC_20_26,78/118,long,0.998,0.435,-0.544,0.799,14.0,6.2
crypto/BTC_20_26,78/118,ls,0.71,0.277,-0.692,0.4,7.0,6.2
crypto/BTC_20_26,80/144,long,1.08,0.499,-0.624,0.8,9.0,6.2
crypto/BTC_20_26,80/144,ls,0.909,0.432,-0.78,0.554,4.5,6.2
crypto/BTC_20_26,100/300,long,1.011,0.464,-0.534,0.87,3.0,6.2
crypto/BTC_20_26,100/300,ls,0.931,0.455,-0.621,0.733,1.5,6.2
crypto/BTC_20_26,116/378,long,0.709,0.258,-0.531,0.487,3.0,6.2
crypto/BTC_20_26,116/378,ls,0.742,0.301,-0.533,0.564,1.5,6.2
crypto/BTC_20_26,120/398,long,0.651,0.221,-0.561,0.394,3.0,6.2
crypto/BTC_20_26,120/398,ls,0.616,0.209,-0.648,0.322,1.5,6.2
crypto/BTC_20_26,200/400,long,0.446,0.103,-0.637,0.162,5.0,6.2
crypto/BTC_20_26,200/400,ls,0.301,0.008,-0.764,0.011,2.5,6.2
crypto/BTC_20_26,buy & hold,-,0.485,0.12,-0.766,0.157,,6.2
