history,asset,bars,disagree_bars,scored_bars,disagree_pct,max_ema_gap_bp,sharpe_study,sharpe_mt4,sharpe_gap,flips_study,flips_mt4,cagr_study,cagr_mt4
full history,crypto/BTC_14_19,1665,0,1401,0.0,3.9493,1.9335,1.9335,0.0,5,5,1.9505,1.9505
full history,crypto/BTC_20_26,2279,0,2015,0.0,0.1896,1.1034,1.1034,0.0,12,12,0.5025,0.5025
full history,crypto/ETH_24_25,714,1,450,0.2222,30.1468,0.0543,0.0403,-0.014,4,4,-0.0926,-0.0989
full history,etf/GLD,2553,0,2289,0.0,5.4311,0.37,0.37,0.0,15,15,0.0357,0.0357
full history,etf/QQQ,2553,0,2289,0.0,0.3657,0.7373,0.7373,0.0,10,10,0.1104,0.1104
full history,etf/SHY,2553,0,2289,0.0,0.2466,0.7401,0.7401,0.0,11,11,0.006,0.006
full history,etf/SPY,2553,3,2289,0.1311,2.2746,0.6448,0.6547,0.0099,12,12,0.0756,0.077
full history,fut_commodity/BRENT_W,8563,5,8299,0.0602,21.0874,0.4506,0.4707,0.0202,59,59,0.1095,0.1207
full history,fut_commodity/COPPER,7622,0,7358,0.0,2.3243,0.3355,0.3355,0.0,59,59,0.0461,0.0461
full history,fut_commodity/CORN,12999,0,12735,0.0,0.6187,0.057,0.057,0.0,90,90,-0.0,-0.0
full history,fut_commodity/COTTON,4012,1,3748,0.0267,13.3597,0.4307,0.4227,-0.008,23,23,0.0915,0.0887
full history,fut_commodity/CRUDE_W,5204,0,4940,0.0,8.4866,0.3012,0.3012,0.0,35,35,0.0456,0.0456
full history,fut_commodity/GAS_US,8439,4,8175,0.0489,1.2022,0.011,0.0107,-0.0003,52,52,-0.006,-0.0061
full history,fut_commodity/GOLD,12379,1,12115,0.0083,0.1515,0.2183,0.2189,0.0006,67,67,0.015,0.015
full history,fut_commodity/SILVER,14210,1,13946,0.0072,0.9504,0.0656,0.0656,-0.0,103,103,-0.0004,-0.0004
full history,fut_commodity/SOYBEAN,7123,1,6859,0.0146,27.2012,0.1264,0.1247,-0.0017,56,56,-0.1558,-0.1568
full history,fut_commodity/WHEAT,12651,3,12387,0.0242,2.7387,0.1663,0.1638,-0.0025,62,60,0.0113,0.011
full history,fut_equity/BOVESPA,2625,2,2361,0.0847,6.1872,-0.1359,-0.13,0.0058,15,15,-0.0198,-0.0192
full history,fut_equity/CAC,3838,4,3574,0.1119,4.0336,0.1831,0.1991,0.016,25,27,0.0169,0.02
full history,fut_equity/DAX,6105,0,5841,0.0,4.4562,0.3435,0.3435,0.0,25,25,0.0336,0.0336
full history,fut_equity/EUROSTX200-LARGE,2573,0,2309,0.0,5.4924,0.082,0.082,0.0,21,21,0.0008,0.0008
full history,fut_equity/FTSE100,10054,0,9790,0.0,1.5289,0.1947,0.1947,0.0,65,65,0.0183,0.0183
full history,fut_equity/HANG,7420,1,7156,0.014,15.2133,0.3934,0.3804,-0.013,42,42,0.0802,0.0749
full history,fut_equity/IBEX,6815,0,6551,0.0,1.7466,0.3429,0.3429,0.0,37,37,0.0571,0.0571
full history,fut_equity/KOSPI,2495,0,2231,0.0,0.4247,0.3797,0.3797,0.0,13,13,0.0396,0.0396
full history,fut_equity/NIKKEI,3271,2,3007,0.0665,7.826,0.6662,0.6748,0.0086,21,21,0.1367,0.1389
full history,fut_equity/TOPIX,3587,3,3323,0.0903,14.0465,0.5757,0.5817,0.006,21,21,0.1117,0.1131
full history,fut_rates/BOBL,4141,0,3877,0.0,2.6534,0.693,0.693,0.0,15,15,0.0182,0.0182
full history,fut_rates/BUND,4299,0,4035,0.0,0.0887,0.6816,0.6816,0.0,25,25,0.0487,0.0487
full history,fut_rates/GILT,7669,4,7405,0.054,10.9421,0.5063,0.5137,0.0074,47,47,0.0948,0.0952
full history,fut_rates/JGB,5596,0,5332,0.0,1.396,0.1511,0.1511,0.0,39,39,0.0039,0.0039
full history,fut_rates/OAT,2784,0,2520,0.0,1.9691,0.6699,0.6699,0.0,13,13,0.0306,0.0306
full history,fut_rates/US10,8027,0,7763,0.0,2.412,0.4867,0.4867,0.0,50,50,0.0445,0.0445
full history,fut_rates/US20,7752,1,7488,0.0134,6.836,0.43,0.4295,-0.0005,46,46,0.0611,0.061
full history,fx_futures/AUD,9338,0,9074,0.0,3.7639,0.3363,0.3363,0.0,60,60,0.0386,0.0386
full history,fx_futures/CAD,13744,0,13480,0.0,2.1754,0.2033,0.2033,0.0,90,90,0.0092,0.0092
full history,fx_futures/CHF,13715,2,13451,0.0149,0.0901,0.1014,0.1012,-0.0003,86,86,0.004,0.004
full history,fx_futures/CLP,2339,0,2075,0.0,2.6895,0.0577,0.0577,0.0,8,8,0.0014,0.0014
full history,fx_futures/CNH,2828,1,2564,0.039,0.2037,0.0054,0.0066,0.0012,17,17,-0.0006,-0.0005
full history,fx_futures/CZK,4917,1,4653,0.0215,9.6056,0.1626,0.1647,0.0021,26,26,0.009,0.0092
full history,fx_futures/EUR,6156,0,5892,0.0,2.4482,0.1986,0.1986,0.0,30,30,0.0093,0.0093
full history,fx_futures/GBP,12326,4,12062,0.0332,4.618,0.4704,0.4693,-0.0011,59,59,0.0459,0.0457
full history,fx_futures/INR,2176,0,1912,0.0,2.7032,0.3256,0.3256,0.0,11,11,0.0142,0.0142
full history,fx_futures/JPY,11811,0,11547,0.0,0.469,0.0255,0.0255,0.0,70,70,-0.0001,-0.0001
full history,fx_futures/NOK,5581,0,5317,0.0,3.5651,-0.0377,-0.0377,0.0,34,34,-0.006,-0.006
full history,fx_futures/NZD,5230,5,4966,0.1007,7.9125,0.1513,0.1359,-0.0155,41,43,0.0112,0.0092
full history,fx_futures/PLN,4593,2,4329,0.0462,13.4175,0.0836,0.0805,-0.0031,25,25,0.0033,0.003
full history,fx_futures/SEK,5487,0,5223,0.0,2.5991,0.0357,0.0357,0.0,25,25,0.0001,0.0001
full history,fx_futures/SGD,905,1,641,0.156,2.2004,-0.1583,-0.1678,-0.0095,7,7,-0.0075,-0.0078
full history,fx_futures/ZAR,6331,0,6067,0.0,4.7103,0.3094,0.3094,0.0,44,44,0.0232,0.0232
full history,fx_spot_ctrl/SGDUSD,9399,0,9135,0.0,0.172,0.2215,0.2215,0.0,61,61,0.0071,0.0071
full history,index/^DJI,2553,2,2289,0.0874,3.6451,0.5183,0.519,0.0007,12,12,0.0566,0.0567
full history,index/^GSPC,2553,2,2289,0.0874,2.8456,0.4518,0.4437,-0.0081,10,10,0.049,0.0479
full history,index/^IXIC,2553,6,2289,0.2621,0.7731,0.6522,0.6344,-0.0178,12,12,0.0881,0.0856
full history,index/^RUT,2553,2,2289,0.0874,3.516,0.3319,0.3511,0.0193,14,12,0.0408,0.044
full history,index_pkg/NDX,5031,0,4767,0.0,3.1811,0.372,0.372,0.0,24,24,0.0465,0.0465
full history,index_pkg/SPX,5031,0,4767,0.0,2.415,0.465,0.465,0.0,20,20,0.0479,0.0479
full history,stock/AAPL,2553,0,2289,0.0,0.9516,1.0861,1.0861,0.0,6,6,0.2419,0.2419
full history,stock/AXP,2553,1,2289,0.0437,5.7308,0.5139,0.5097,-0.0042,13,13,0.0877,0.0867
full history,stock/BA,2553,0,2289,0.0,5.7714,0.8351,0.8351,0.0,19,19,0.1667,0.1667
full history,stock/CAT,2553,0,2289,0.0,3.7611,0.396,0.396,0.0,14,14,0.0614,0.0614
full history,stock/CSCO,2553,0,2289,0.0,0.159,0.444,0.444,0.0,15,15,0.0682,0.0682
full history,stock/CVX,2553,0,2289,0.0,3.7916,0.2032,0.2032,0.0,14,14,0.02,0.02
full history,stock/DIS,2553,0,2289,0.0,3.1975,0.7272,0.7272,0.0,11,11,0.1177,0.1177
full history,stock/GE,2553,0,2289,0.0,7.0445,0.1951,0.1951,0.0,14,14,0.0185,0.0185
full history,stock/GS,2553,2,2289,0.0874,16.6533,0.2895,0.3166,0.0271,14,12,0.0363,0.0414
full history,stock/HD,2553,0,2289,0.0,0.1838,1.0472,1.0472,0.0,8,8,0.1888,0.1888
full history,stock/IBM,2553,0,2289,0.0,0.6424,0.052,0.052,0.0,16,16,-0.0038,-0.0038
full history,stock/INTC,2553,1,2289,0.0437,6.1807,0.2865,0.2811,-0.0055,19,19,0.0384,0.0373
full history,stock/JNJ,2553,0,2289,0.0,5.7485,0.5852,0.5852,0.0,14,14,0.0705,0.0705
full history,stock/JPM,2553,2,2289,0.0874,8.4491,0.4985,0.4689,-0.0297,12,12,0.0797,0.0737
full history,stock/KO,2553,2,2289,0.0874,1.6558,0.4015,0.41,0.0086,15,15,0.0462,0.0474
full history,stock/MCD,2553,0,2289,0.0,2.1517,0.7121,0.7121,0.0,19,19,0.0965,0.0965
full history,stock/MMM,2553,0,2289,0.0,3.0526,0.6194,0.6194,0.0,10,10,0.0864,0.0864
full history,stock/MRK,2553,0,2289,0.0,2.2624,0.3342,0.3342,0.0,13,13,0.0424,0.0424
full history,stock/MSFT,2553,0,2289,0.0,2.5299,0.6065,0.6065,0.0,13,13,0.112,0.112
full history,stock/NKE,2553,0,2289,0.0,1.0281,0.8554,0.8554,0.0,11,11,0.1783,0.1783
full history,stock/PFE,2553,3,2289,0.1311,4.7583,0.5434,0.5251,-0.0184,13,15,0.0755,0.0725
full history,stock/PG,2553,3,2289,0.1311,8.9787,0.4903,0.5044,0.0142,17,17,0.0564,0.0583
full history,stock/UNH,2553,0,2289,0.0,7.8034,0.9754,0.9754,0.0,13,13,0.209,0.209
full history,stock/VZ,2553,6,2289,0.2621,1.6447,0.4103,0.4225,0.0122,27,27,0.0502,0.0522
full history,stock/WMT,2553,0,2289,0.0,7.4583,0.4907,0.4907,0.0,17,17,0.0643,0.0643
full history,stock/XOM,2553,0,2289,0.0,10.4492,0.2394,0.2394,0.0,12,12,0.0227,0.0227
4x slow (528 bars),crypto/BTC_14_19,528,0,264,0.0,28.6074,2.492,2.492,0.0,1,1,2.0515,2.0515
4x slow (528 bars),crypto/BTC_20_26,528,0,264,0.0,30.2712,-0.2996,-0.2996,0.0,2,2,-0.0966,-0.0966
4x slow (528 bars),crypto/ETH_24_25,528,0,264,0.0,34.6689,0.4791,0.4791,0.0,2,2,0.1204,0.1204
4x slow (528 bars),etf/GLD,528,0,264,0.0,2.4627,0.0755,0.0755,0.0,3,3,0.0028,0.0028
4x slow (528 bars),etf/QQQ,528,0,264,0.0,1.6451,0.1887,0.1887,0.0,2,2,0.0179,0.0179
4x slow (528 bars),etf/SHY,528,0,264,0.0,0.0912,2.2727,2.2727,0.0,1,1,0.0163,0.0163
4x slow (528 bars),etf/SPY,528,0,264,0.0,0.7403,0.273,0.273,0.0,2,2,0.0278,0.0278
4x slow (528 bars),fut_commodity/BRENT_W,528,0,264,0.0,5.1284,-0.1446,-0.1446,0.0,3,3,-0.0445,-0.0445
4x slow (528 bars),fut_commodity/COPPER,528,2,264,0.7576,18.2628,-0.5868,-0.7243,-0.1375,3,3,-0.0645,-0.0746
4x slow (528 bars),fut_commodity/CORN,528,0,264,0.0,16.4326,,,,0,0,0.0,0.0
4x slow (528 bars),fut_commodity/COTTON,528,0,264,0.0,32.1402,-0.2818,-0.2818,0.0,1,1,-0.0316,-0.0316
4x slow (528 bars),fut_commodity/CRUDE_W,528,1,264,0.3788,2.5288,0.9113,0.7611,-0.1502,1,1,0.1675,0.1335
4x slow (528 bars),fut_commodity/GAS_US,528,0,264,0.0,84.5678,,,,0,0,0.0,0.0
4x slow (528 bars),fut_commodity/GOLD,528,1,264,0.3788,6.4074,0.3814,0.4019,0.0205,3,3,0.0386,0.0411
4x slow (528 bars),fut_commodity/SILVER,528,13,264,4.9242,10.8239,-0.0477,-0.7207,-0.673,5,7,-0.0257,-0.1295
4x slow (528 bars),fut_commodity/SOYBEAN,528,0,264,0.0,3.7442,-1.075,-1.075,0.0,2,2,-0.1042,-0.1042
4x slow (528 bars),fut_commodity/WHEAT,528,0,264,0.0,35.9333,,,,0,0,0.0,0.0
4x slow (528 bars),fut_equity/BOVESPA,528,4,264,1.5152,6.7383,-0.4219,-0.4865,-0.0646,3,3,-0.0466,-0.0518
4x slow (528 bars),fut_equity/CAC,528,0,264,0.0,2.9329,0.7115,0.7115,0.0,3,3,0.0723,0.0723
4x slow (528 bars),fut_equity/DAX,528,2,264,0.7576,8.761,0.7904,0.8172,0.0268,3,3,0.0761,0.0789
4x slow (528 bars),fut_equity/EUROSTX200-LARGE,528,0,264,0.0,3.0893,1.2812,1.2812,0.0,3,3,0.123,0.123
4x slow (528 bars),fut_equity/FTSE100,528,1,264,0.3788,7.2019,-0.9076,-0.8787,0.029,5,5,-0.0838,-0.0814
4x slow (528 bars),fut_equity/HANG,528,1,264,0.3788,1.7718,-0.4614,-0.6587,-0.1973,2,2,-0.0471,-0.0663
4x slow (528 bars),fut_equity/IBEX,528,0,264,0.0,1.0975,1.9076,1.9076,0.0,1,1,0.2638,0.2638
4x slow (528 bars),fut_equity/KOSPI,528,6,264,2.2727,6.4012,0.8383,0.8767,0.0384,3,3,0.1081,0.1103
4x slow (528 bars),fut_equity/NIKKEI,528,0,264,0.0,8.9076,2.3141,2.3141,0.0,1,1,0.4784,0.4784
4x slow (528 bars),fut_equity/TOPIX,528,0,264,0.0,4.4846,2.572,2.572,0.0,1,1,0.4547,0.4547
4x slow (528 bars),fut_rates/BOBL,528,0,264,0.0,0.1212,-0.6733,-0.6733,0.0,1,1,-0.0131,-0.0131
4x slow (528 bars),fut_rates/BUND,528,0,264,0.0,9.3759,-0.8763,-0.8763,0.0,1,1,-0.0301,-0.0301
4x slow (528 bars),fut_rates/GILT,528,0,264,0.0,4.4825,-0.1087,-0.1087,0.0,1,1,-0.0058,-0.0058
4x slow (528 bars),fut_rates/JGB,528,0,264,0.0,0.8906,-0.7355,-0.7355,0.0,3,3,-0.0171,-0.0171
4x slow (528 bars),fut_rates/OAT,528,0,264,0.0,8.5249,-0.5078,-0.5078,0.0,1,1,-0.0166,-0.0166
4x slow (528 bars),fut_rates/US10,528,0,264,0.0,7.2262,-1.9348,-1.9348,0.0,2,2,-0.034,-0.034
4x slow (528 bars),fut_rates/US20,528,0,264,0.0,11.0623,-1.2448,-1.2448,0.0,2,2,-0.0234,-0.0234
4x slow (528 bars),fx_futures/AUD,528,0,264,0.0,7.0971,-2.2285,-2.2285,0.0,2,2,-0.057,-0.057
4x slow (528 bars),fx_futures/CAD,528,1,264,0.3788,3.4268,-1.9297,-1.9806,-0.051,4,4,-0.0602,-0.0618
4x slow (528 bars),fx_futures/CHF,528,0,264,0.0,4.1518,-0.6519,-0.6519,0.0,4,4,-0.0437,-0.0437
4x slow (528 bars),fx_futures/CLP,528,0,264,0.0,5.7816,-0.4477,-0.4477,0.0,2,2,-0.0366,-0.0366
4x slow (528 bars),fx_futures/CNH,528,3,264,1.1364,2.3265,0.7481,0.6937,-0.0544,3,3,0.0301,0.0278
4x slow (528 bars),fx_futures/CZK,528,1,264,0.3788,5.4609,-0.6341,-0.4802,0.1539,4,2,-0.0419,-0.0319
4x slow (528 bars),fx_futures/EUR,528,1,264,0.3788,3.3213,-1.1048,-1.06,0.0447,4,4,-0.0529,-0.0508
4x slow (528 bars),fx_futures/GBP,528,0,264,0.0,6.3057,-0.3564,-0.3564,0.0,3,3,-0.0255,-0.0255
4x slow (528 bars),fx_futures/INR,528,17,264,6.4394,3.3868,-1.0331,-1.5777,-0.5446,3,5,-0.0193,-0.0267
4x slow (528 bars),fx_futures/JPY,528,2,264,0.7576,0.2739,-1.0152,-1.4031,-0.3879,2,2,-0.0291,-0.0388
4x slow (528 bars),fx_futures/NOK,528,0,264,0.0,15.2326,,,,0,0,0.0,0.0
4x slow (528 bars),fx_futures/NZD,528,28,264,10.6061,7.5166,-1.9728,-1.2401,0.7327,9,1,-0.1211,-0.0555
4x slow (528 bars),fx_futures/PLN,528,2,264,0.7576,3.0522,0.4911,0.5026,0.0115,3,3,0.0443,0.0454
4x slow (528 bars),fx_futures/SEK,528,9,264,3.4091,7.2166,-1.2775,-1.0533,0.2242,3,3,-0.0738,-0.0592
4x slow (528 bars),fx_futures/SGD,528,2,264,0.7576,1.1739,-0.4063,-0.2889,0.1174,3,3,-0.0123,-0.009
4x slow (528 bars),fx_futures/ZAR,528,6,264,2.2727,3.6877,-1.4422,-1.4466,-0.0043,8,8,-0.092,-0.0889
4x slow (528 bars),fx_spot_ctrl/SGDUSD,528,0,264,0.0,0.6816,-0.6972,-0.6972,0.0,3,3,-0.0258,-0.0258
4x slow (528 bars),index/^DJI,528,0,264,0.0,0.2022,0.002,0.002,0.0,2,2,-0.0108,-0.0108
4x slow (528 bars),index/^GSPC,528,0,264,0.0,0.4677,0.0605,0.0605,0.0,2,2,-0.0008,-0.0008
4x slow (528 bars),index/^IXIC,528,0,264,0.0,0.8246,0.2154,0.2154,0.0,2,2,0.022,0.022
4x slow (528 bars),index/^RUT,528,0,264,0.0,2.0474,0.0196,0.0196,0.0,2,2,-0.0058,-0.0058
4x slow (528 bars),index_pkg/NDX,528,0,264,0.0,5.7631,0.2972,0.2972,0.0,2,2,0.037,0.037
4x slow (528 bars),index_pkg/SPX,528,0,264,0.0,2.6684,0.0281,0.0281,0.0,2,2,-0.0062,-0.0062
4x slow (528 bars),stock/AAPL,528,0,264,0.0,4.6146,0.4556,0.4556,0.0,2,2,0.0868,0.0868
4x slow (528 bars),stock/AXP,528,0,264,0.0,0.6224,0.4284,0.4284,0.0,3,3,0.0751,0.0751
4x slow (528 bars),stock/BA,528,0,264,0.0,0.7948,0.6411,0.6411,0.0,3,3,0.1499,0.1499
4x slow (528 bars),stock/CAT,528,1,264,0.3788,3.2964,-1.2763,-1.235,0.0414,4,4,-0.2721,-0.2655
4x slow (528 bars),stock/CSCO,528,0,264,0.0,0.496,1.1828,1.1828,0.0,1,1,0.3147,0.3147
4x slow (528 bars),stock/CVX,528,0,264,0.0,2.112,0.1132,0.1132,0.0,2,2,0.0044,0.0044
4x slow (528 bars),stock/DIS,528,2,264,0.7576,2.7425,0.4297,0.3842,-0.0455,3,3,0.0625,0.0536
4x slow (528 bars),stock/GE,528,0,264,0.0,10.0948,,,,0,0,0.0,0.0
4x slow (528 bars),stock/GS,528,1,264,0.3788,10.1538,-0.2233,-0.1678,0.0554,2,2,-0.0378,-0.0306
4x slow (528 bars),stock/HD,528,0,264,0.0,3.5704,0.2892,0.2892,0.0,2,2,0.0358,0.0358
4x slow (528 bars),stock/IBM,528,2,264,0.7576,11.374,-1.0612,-0.9917,0.0695,4,4,-0.1688,-0.1591
4x slow (528 bars),stock/INTC,528,0,264,0.0,1.6085,0.4241,0.4241,0.0,3,3,0.0749,0.0749
4x slow (528 bars),stock/JNJ,528,3,264,1.1364,8.7766,-0.0595,-0.1362,-0.0767,4,4,-0.0239,-0.0369
4x slow (528 bars),stock/JPM,528,0,264,0.0,3.4229,0.0089,0.0089,0.0,2,2,-0.0173,-0.0173
4x slow (528 bars),stock/KO,528,2,264,0.7576,3.697,0.0275,0.1031,0.0756,3,3,-0.0073,0.004
4x slow (528 bars),stock/MCD,528,8,264,3.0303,3.6532,0.1424,0.5556,0.4132,7,3,0.0093,0.0947
4x slow (528 bars),stock/MMM,528,0,264,0.0,6.5789,-1.3739,-1.3739,0.0,4,4,-0.1892,-0.1892
4x slow (528 bars),stock/MRK,528,1,264,0.3788,4.0173,2.2026,2.217,0.0144,1,1,0.3876,0.3903
4x slow (528 bars),stock/MSFT,528,0,264,0.0,0.4968,0.9928,0.9928,0.0,1,1,0.2736,0.2736
4x slow (528 bars),stock/NKE,528,0,264,0.0,0.3653,0.6646,0.6646,0.0,3,3,0.147,0.147
4x slow (528 bars),stock/PFE,528,0,264,0.0,4.3063,1.3165,1.3165,0.0,1,1,0.2682,0.2682
4x slow (528 bars),stock/PG,528,1,264,0.3788,2.0301,1.3807,1.2976,-0.083,3,1,0.2234,0.2069
4x slow (528 bars),stock/UNH,528,0,264,0.0,0.3219,0.9977,0.9977,0.0,1,1,0.2186,0.2186
4x slow (528 bars),stock/VZ,528,9,264,3.4091,4.7489,0.1811,0.0997,-0.0814,9,9,0.0165,0.0012
4x slow (528 bars),stock/WMT,528,0,264,0.0,6.3071,-0.0653,-0.0653,0.0,3,3,-0.0364,-0.0364
4x slow (528 bars),stock/XOM,528,1,264,0.3788,2.6085,-0.5075,-0.529,-0.0215,4,4,-0.0776,-0.0804
3x slow (396 bars),crypto/BTC_14_19,396,0,132,0.0,0.6915,3.5848,3.5848,0.0,1,1,8.5388,8.5388
3x slow (396 bars),crypto/BTC_20_26,396,0,132,0.0,5.1621,,,,0,0,0.0,0.0
3x slow (396 bars),crypto/ETH_24_25,396,1,132,0.7576,17.1551,-0.7753,-0.6808,0.0944,2,2,-0.5221,-0.4903
3x slow (396 bars),etf/GLD,396,0,132,0.0,2.8852,1.3882,1.3882,0.0,1,1,0.0641,0.0641
3x slow (396 bars),etf/QQQ,396,0,132,0.0,3.8241,-1.2518,-1.2518,0.0,2,2,-0.2106,-0.2106
3x slow (396 bars),etf/SHY,396,0,132,0.0,0.3236,3.162,3.162,0.0,1,1,0.0306,0.0306
3x slow (396 bars),etf/SPY,396,3,132,2.2727,5.0862,-0.8029,-0.9142,-0.1113,2,4,-0.0966,-0.1199
3x slow (396 bars),fut_commodity/BRENT_W,396,1,132,0.7576,1.0125,-1.0922,-1.1314,-0.0392,3,3,-0.2169,-0.2231
3x slow (396 bars),fut_commodity/COPPER,396,12,132,9.0909,9.7485,0.1154,-1.1088,-1.2242,3,5,0.0057,-0.0953
3x slow (396 bars),fut_commodity/CORN,396,0,132,0.0,4.5058,,,,0,0,0.0,0.0
3x slow (396 bars),fut_commodity/COTTON,396,1,132,0.7576,3.8619,-0.3994,-0.3995,-0.0002,1,1,-0.0625,-0.0625
3x slow (396 bars),fut_commodity/CRUDE_W,396,0,132,0.0,7.0455,0.1323,0.1323,0.0,1,1,0.0027,0.0027
3x slow (396 bars),fut_commodity/GAS_US,396,0,132,0.0,18.1748,,,,0,0,0.0,0.0
3x slow (396 bars),fut_commodity/GOLD,396,1,132,0.7576,4.8596,1.8592,1.9767,0.1176,1,1,0.2158,0.2321
3x slow (396 bars),fut_commodity/SILVER,396,4,132,3.0303,5.1304,-2.875,-2.6452,0.2298,7,7,-0.2562,-0.2277
3x slow (396 bars),fut_commodity/SOYBEAN,396,0,132,0.0,1.7958,-0.9782,-0.9782,0.0,2,2,-0.0917,-0.0917
3x slow (396 bars),fut_commodity/WHEAT,396,0,132,0.0,6.6702,,,,0,0,0.0,0.0
3x slow (396 bars),fut_equity/BOVESPA,396,3,132,2.2727,0.1873,-0.4763,-0.3135,0.1628,3,3,-0.0589,-0.0406
3x slow (396 bars),fut_equity/CAC,396,5,132,3.7879,16.8691,0.6615,0.1852,-0.4764,3,3,0.0506,0.0122
3x slow (396 bars),fut_equity/DAX,396,4,132,3.0303,20.5007,1.5669,1.7754,0.2085,3,3,0.1179,0.1402
3x slow (396 bars),fut_equity/EUROSTX200-LARGE,396,5,132,3.7879,16.4867,1.8783,1.1471,-0.7312,3,3,0.1464,0.0915
3x slow (396 bars),fut_equity/FTSE100,396,9,132,6.8182,4.0073,-0.0287,-0.5897,-0.5609,3,5,-0.0027,-0.035
3x slow (396 bars),fut_equity/HANG,396,0,132,0.0,13.1777,,,,0,0,0.0,0.0
3x slow (396 bars),fut_equity/IBEX,396,0,132,0.0,14.4267,2.3789,2.3789,0.0,1,1,0.327,0.327
3x slow (396 bars),fut_equity/KOSPI,396,4,132,3.0303,12.6592,1.3844,1.4543,0.0699,3,3,0.1953,0.2078
3x slow (396 bars),fut_equity/NIKKEI,396,0,132,0.0,8.5542,3.6957,3.6957,0.0,1,1,0.8409,0.8409
3x slow (396 bars),fut_equity/TOPIX,396,0,132,0.0,6.9899,4.0053,4.0053,0.0,1,1,0.7362,0.7362
3x slow (396 bars),fut_rates/BOBL,396,0,132,0.0,2.2338,-0.7673,-0.7673,0.0,1,1,-0.0213,-0.0213
3x slow (396 bars),fut_rates/BUND,396,0,132,0.0,5.5171,-1.2432,-1.2432,0.0,1,1,-0.0596,-0.0596
3x slow (396 bars),fut_rates/GILT,396,1,132,0.7576,15.4612,-0.154,-0.1173,0.0366,1,1,-0.0117,-0.0094
3x slow (396 bars),fut_rates/JGB,396,3,132,2.2727,1.2624,-0.4137,0.3234,0.7371,1,1,-0.0091,0.0075
3x slow (396 bars),fut_rates/OAT,396,0,132,0.0,7.574,-0.4913,-0.4913,0.0,1,1,-0.0233,-0.0233
3x slow (396 bars),fut_rates/US10,396,1,132,0.7576,0.693,-2.6423,-2.1891,0.4532,2,2,-0.0638,-0.0549
3x slow (396 bars),fut_rates/US20,396,1,132,0.7576,0.6858,-2.836,-2.5219,0.3141,2,2,-0.1071,-0.0975
3x slow (396 bars),fx_futures/AUD,396,2,132,1.5152,9.793,-3.1157,-3.2784,-0.1627,2,2,-0.1091,-0.1267
3x slow (396 bars),fx_futures/CAD,396,2,132,1.5152,4.7803,-1.3232,-1.5837,-0.2606,2,2,-0.0385,-0.0462
3x slow (396 bars),fx_futures/CHF,396,4,132,3.0303,7.7403,-0.9814,-0.8473,0.1342,4,4,-0.0538,-0.0474
3x slow (396 bars),fx_futures/CLP,396,0,132,0.0,11.6052,,,,0,0,0.0,0.0
3x slow (396 bars),fx_futures/CNH,396,0,132,0.0,1.887,0.3738,0.3738,0.0,1,1,0.0135,0.0135
3x slow (396 bars),fx_futures/CZK,396,11,132,8.3333,10.9099,-1.9785,-1.462,0.5165,2,2,-0.0294,-0.0356
3x slow (396 bars),fx_futures/EUR,396,2,132,1.5152,9.0314,-1.9373,-1.8047,0.1325,2,2,-0.0493,-0.0467
3x slow (396 bars),fx_futures/GBP,396,3,132,2.2727,11.8851,-0.0619,0.0891,0.1511,3,3,-0.0049,0.0034
3x slow (396 bars),fx_futures/INR,396,2,132,1.5152,3.305,-0.7939,-0.3639,0.4299,1,1,-0.0088,-0.0044
3x slow (396 bars),fx_futures/JPY,396,0,132,0.0,8.6081,,,,0,0,0.0,0.0
3x slow (396 bars),fx_futures/NOK,396,0,132,0.0,12.3008,,,,0,0,0.0,0.0
3x slow (396 bars),fx_futures/NZD,396,1,132,0.7576,16.5116,-1.7614,-1.3923,0.3692,1,1,-0.1082,-0.089
3x slow (396 bars),fx_futures/PLN,396,9,132,6.8182,7.9993,1.0285,1.184,0.1555,3,3,0.0962,0.1163
3x slow (396 bars),fx_futures/SEK,396,1,132,0.7576,11.6254,-0.7528,-0.9672,-0.2144,1,1,-0.0566,-0.0723
3x slow (396 bars),fx_futures/SGD,396,1,132,0.7576,3.0075,-1.3762,-1.3552,0.0211,3,3,-0.0456,-0.0449
3x slow (396 bars),fx_futures/ZAR,396,1,132,0.7576,8.7697,-2.0066,-2.0368,-0.0302,5,5,-0.1864,-0.1889
3x slow (396 bars),fx_spot_ctrl/SGDUSD,396,2,132,1.5152,7.3733,-0.4462,-0.4797,-0.0335,1,1,-0.0162,-0.0175
3x slow (396 bars),index/^DJI,396,0,132,0.0,4.5551,-0.6196,-0.6196,0.0,2,2,-0.0913,-0.0913
3x slow (396 bars),index/^GSPC,396,0,132,0.0,4.9649,-1.1076,-1.1076,0.0,2,2,-0.1268,-0.1268
3x slow (396 bars),index/^IXIC,396,1,132,0.7576,5.4555,-1.1797,-0.9495,0.2302,2,2,-0.1737,-0.1461
3x slow (396 bars),index/^RUT,396,0,132,0.0,12.2601,-2.2849,-2.2849,0.0,2,2,-0.2255,-0.2255
3x slow (396 bars),index_pkg/NDX,396,0,132,0.0,1.808,-0.7921,-0.7921,0.0,2,2,-0.1365,-0.1365
3x slow (396 bars),index_pkg/SPX,396,0,132,0.0,0.129,-0.5506,-0.5506,0.0,2,2,-0.0741,-0.0741
3x slow (396 bars),stock/AAPL,396,0,132,0.0,5.4992,-1.4577,-1.4577,0.0,2,2,-0.342,-0.342
3x slow (396 bars),stock/AXP,396,2,132,1.5152,6.4539,-0.2501,-0.158,0.0921,3,3,-0.0774,-0.0583
3x slow (396 bars),stock/BA,396,2,132,1.5152,8.5555,0.9364,0.8251,-0.1113,3,3,0.2493,0.2124
3x slow (396 bars),stock/CAT,396,4,132,3.0303,13.5913,-3.0241,-3.5595,-0.5353,2,2,-0.3797,-0.4663
3x slow (396 bars),stock/CSCO,396,0,132,0.0,6.4849,1.1432,1.1432,0.0,1,1,0.3179,0.3179
3x slow (396 bars),stock/CVX,396,1,132,0.7576,8.3573,-1.3966,-1.201,0.1956,2,2,-0.1732,-0.1533
3x slow (396 bars),stock/DIS,396,0,132,0.0,0.1856,0.3684,0.3684,0.0,1,1,0.0567,0.0567
3x slow (396 bars),stock/GE,396,0,132,0.0,7.1166,,,,0,0,0.0,0.0
3x slow (396 bars),stock/GS,396,0,132,0.0,8.9153,,,,0,0,0.0,0.0
3x slow (396 bars),stock/HD,396,3,132,2.2727,6.935,-0.2883,-0.7891,-0.5008,2,2,-0.052,-0.1265
3x slow (396 bars),stock/IBM,396,5,132,3.7879,7.767,-1.7712,-1.8953,-0.1241,2,2,-0.2281,-0.2434
3x slow (396 bars),stock/INTC,396,2,132,1.5152,8.9063,-0.3675,-0.2864,0.0812,3,3,-0.0396,-0.032
3x slow (396 bars),stock/JNJ,396,2,132,1.5152,2.4273,-0.3423,-0.1788,0.1635,2,2,-0.0915,-0.0598
3x slow (396 bars),stock/JPM,396,3,132,2.2727,6.6084,-1.1029,-1.0934,0.0095,4,2,-0.1725,-0.174
3x slow (396 bars),stock/KO,396,0,132,0.0,2.3788,0.1188,0.1188,0.0,1,1,0.0038,0.0038
3x slow (396 bars),stock/MCD,396,2,132,1.5152,4.3342,1.2229,1.3059,0.0829,1,1,0.2337,0.2531
3x slow (396 bars),stock/MMM,396,3,132,2.2727,5.4322,-2.2143,-2.2588,-0.0445,2,2,-0.1465,-0.1537
3x slow (396 bars),stock/MRK,396,0,132,0.0,3.0329,2.1522,2.1522,0.0,1,1,0.4914,0.4914
3x slow (396 bars),stock/MSFT,396,0,132,0.0,4.7197,0.3049,0.3049,0.0,1,1,0.0476,0.0476
3x slow (396 bars),stock/NKE,396,1,132,0.7576,6.5882,-0.6959,-0.5404,0.1555,3,3,-0.1751,-0.1452
3x slow (396 bars),stock/PFE,396,0,132,0.0,6.6074,0.7108,0.7108,0.0,1,1,0.1424,0.1424
3x slow (396 bars),stock/PG,396,0,132,0.0,0.9355,1.8448,1.8448,0.0,1,1,0.4586,0.4586
3x slow (396 bars),stock/UNH,396,0,132,0.0,0.2467,0.2738,0.2738,0.0,1,1,0.0377,0.0377
3x slow (396 bars),stock/VZ,396,0,132,0.0,1.9883,1.0027,1.0027,0.0,1,1,0.1987,0.1987
3x slow (396 bars),stock/WMT,396,2,132,1.5152,4.674,0.232,0.9086,0.6766,1,1,0.0265,0.2026
3x slow (396 bars),stock/XOM,396,1,132,0.7576,9.6773,-0.1056,-0.0829,0.0227,2,2,-0.0281,-0.0246
