pair,fast,slow,mode,sharpe,cagr,max_dd,calmar,vol,vt_sharpe,vt_cagr,vt_dd,vt_calmar,markets,active_share,bars,why
5/20,5,20,long,0.699,0.083,-0.386,0.215,0.125,0.824,0.078,-0.365,0.213,82,0.11,15798,famous
5/20,5,20,ls,0.363,0.048,-0.529,0.091,0.169,0.587,0.054,-0.35,0.155,82,0.11,15798,famous
5/35,5,35,long,0.722,0.088,-0.421,0.208,0.128,0.905,0.086,-0.335,0.257,82,0.11,15777,famous
5/35,5,35,ls,0.415,0.058,-0.584,0.099,0.169,0.699,0.066,-0.385,0.172,82,0.11,15777,famous
8/21,8,21,long,0.723,0.085,-0.375,0.228,0.124,0.867,0.082,-0.321,0.256,82,0.11,15797,famous
8/21,8,21,ls,0.394,0.054,-0.532,0.101,0.168,0.645,0.06,-0.386,0.156,82,0.11,15797,famous
9/21,9,21,long,0.703,0.084,-0.368,0.228,0.126,0.874,0.083,-0.31,0.268,82,0.11,15797,famous
9/21,9,21,ls,0.38,0.051,-0.585,0.087,0.169,0.646,0.06,-0.344,0.176,82,0.11,15797,famous
10/20,10,20,long,0.685,0.082,-0.404,0.202,0.126,0.858,0.081,-0.315,0.258,82,0.11,15798,famous
10/20,10,20,ls,0.354,0.047,-0.582,0.08,0.169,0.626,0.058,-0.394,0.148,82,0.11,15798,famous
10/100,10,100,long,0.707,0.09,-0.563,0.16,0.135,0.942,0.089,-0.411,0.216,82,0.11,15692,famous
10/100,10,100,ls,0.417,0.058,-0.775,0.074,0.168,0.714,0.068,-0.532,0.128,82,0.11,15692,famous
12/26,12,26,long,0.69,0.083,-0.485,0.172,0.128,0.874,0.083,-0.425,0.195,82,0.11,15790,famous
12/26,12,26,ls,0.376,0.051,-0.66,0.077,0.169,0.675,0.064,-0.452,0.141,82,0.11,15790,famous
13/48,13,48,long,0.703,0.086,-0.468,0.184,0.129,0.879,0.083,-0.312,0.267,82,0.11,15760,famous
13/48,13,48,ls,0.386,0.052,-0.601,0.087,0.169,0.656,0.062,-0.431,0.144,82,0.11,15760,famous
20/50,20,50,long,0.68,0.084,-0.479,0.175,0.131,0.881,0.084,-0.345,0.242,82,0.11,15758,famous
20/50,20,50,ls,0.367,0.049,-0.69,0.071,0.169,0.652,0.061,-0.444,0.138,82,0.11,15758,famous
20/100,20,100,long,0.712,0.091,-0.529,0.172,0.135,0.935,0.088,-0.312,0.283,82,0.11,15692,famous
20/100,20,100,ls,0.431,0.06,-0.658,0.091,0.168,0.688,0.065,-0.45,0.145,82,0.11,15692,famous
21/55,21,55,long,0.709,0.088,-0.466,0.19,0.132,0.908,0.086,-0.33,0.26,82,0.11,15751,famous
21/55,21,55,ls,0.421,0.059,-0.626,0.093,0.169,0.673,0.064,-0.427,0.149,82,0.11,15751,famous
50/138,50,138,long,0.722,0.096,-0.419,0.23,0.141,0.986,0.092,-0.224,0.409,82,0.11,15640,cand_long
50/138,50,138,ls,0.501,0.072,-0.562,0.128,0.166,0.744,0.071,-0.308,0.23,82,0.11,15640,cand_long
50/200,50,200,long,0.652,0.085,-0.464,0.184,0.141,0.917,0.085,-0.317,0.267,82,0.11,15560,famous
50/200,50,200,ls,0.393,0.052,-0.71,0.074,0.163,0.628,0.059,-0.516,0.114,82,0.11,15560,famous
56/134,56,134,long,0.708,0.094,-0.419,0.225,0.141,0.977,0.091,-0.224,0.405,82,0.11,15646,cand_long
56/134,56,134,ls,0.477,0.068,-0.577,0.117,0.166,0.723,0.069,-0.302,0.227,82,0.11,15646,cand_long
58/132,58,132,long,0.713,0.095,-0.419,0.226,0.141,0.984,0.091,-0.221,0.414,82,0.11,15648,cand_long
58/132,58,132,ls,0.485,0.069,-0.565,0.122,0.166,0.732,0.07,-0.31,0.224,82,0.11,15648,cand_long
58/134,58,134,long,0.708,0.094,-0.419,0.225,0.141,0.97,0.09,-0.214,0.42,82,0.11,15646,cand_long
58/134,58,134,ls,0.477,0.068,-0.527,0.128,0.166,0.711,0.067,-0.318,0.212,82,0.11,15646,cand_long
60/116,60,116,long,0.73,0.097,-0.419,0.232,0.141,1.012,0.095,-0.215,0.439,82,0.11,15670,cand_long
60/116,60,116,ls,0.507,0.073,-0.527,0.139,0.166,0.756,0.072,-0.306,0.235,82,0.11,15670,cand_long
60/130,60,130,long,0.706,0.094,-0.419,0.224,0.141,0.973,0.09,-0.211,0.428,82,0.11,15652,cand_long
60/130,60,130,ls,0.472,0.067,-0.552,0.121,0.166,0.71,0.067,-0.32,0.21,82,0.11,15652,cand_long
60/132,60,132,long,0.706,0.094,-0.419,0.224,0.141,0.969,0.09,-0.211,0.425,82,0.11,15648,cand_long
60/132,60,132,ls,0.477,0.068,-0.484,0.14,0.166,0.712,0.067,-0.32,0.21,82,0.11,15648,cand_long
60/134,60,134,long,0.702,0.093,-0.419,0.223,0.141,0.961,0.089,-0.216,0.413,82,0.11,15646,cand_long
60/134,60,134,ls,0.469,0.066,-0.5,0.132,0.166,0.703,0.066,-0.316,0.21,82,0.11,15646,cand_long
62/128,62,128,long,0.701,0.093,-0.419,0.222,0.141,0.953,0.088,-0.218,0.405,82,0.11,15655,cand_long
62/128,62,128,ls,0.469,0.066,-0.494,0.134,0.166,0.702,0.066,-0.321,0.207,82,0.11,15655,cand_long
62/130,62,130,long,0.706,0.094,-0.419,0.224,0.141,0.963,0.089,-0.22,0.406,82,0.11,15652,cand_long
62/130,62,130,ls,0.473,0.067,-0.483,0.138,0.166,0.702,0.066,-0.321,0.207,82,0.11,15652,cand_long
62/166,62,166,long,0.655,0.086,-0.478,0.18,0.141,0.931,0.086,-0.335,0.257,82,0.11,15604,cand_long
62/166,62,166,ls,0.4,0.054,-0.678,0.079,0.164,0.652,0.061,-0.49,0.125,82,0.11,15604,cand_long
64/128,64,128,long,0.7,0.093,-0.419,0.222,0.141,0.951,0.088,-0.222,0.396,82,0.11,15655,cand_long
64/128,64,128,ls,0.469,0.066,-0.493,0.134,0.166,0.7,0.066,-0.318,0.208,82,0.11,15655,cand_long
64/130,64,130,long,0.69,0.091,-0.419,0.218,0.141,0.946,0.087,-0.231,0.378,82,0.11,15652,cand_long
64/130,64,130,ls,0.444,0.062,-0.56,0.11,0.166,0.684,0.064,-0.318,0.203,82,0.11,15652,cand_long
70/146,70,146,long,0.65,0.085,-0.441,0.193,0.141,0.911,0.084,-0.282,0.298,82,0.11,15630,cand_long
70/146,70,146,ls,0.396,0.053,-0.638,0.083,0.164,0.642,0.06,-0.428,0.141,82,0.11,15630,cand_long
76/114,76,114,long,0.686,0.091,-0.419,0.216,0.141,0.922,0.085,-0.226,0.376,82,0.11,15674,cand_long
76/114,76,114,ls,0.436,0.06,-0.52,0.116,0.165,0.668,0.063,-0.325,0.193,82,0.11,15674,cand_long
78/118,78,118,long,0.671,0.088,-0.419,0.211,0.141,0.921,0.085,-0.227,0.374,82,0.11,15667,cand_long
78/118,78,118,ls,0.419,0.057,-0.598,0.095,0.165,0.666,0.063,-0.342,0.183,82,0.11,15667,cand_long
80/144,80,144,long,0.662,0.087,-0.484,0.179,0.141,0.949,0.088,-0.295,0.298,82,0.11,15633,cand_long
80/144,80,144,ls,0.415,0.056,-0.673,0.083,0.163,0.68,0.064,-0.441,0.145,82,0.11,15633,cand_long
84/140,84,140,long,0.659,0.086,-0.483,0.179,0.14,0.945,0.087,-0.297,0.294,82,0.11,15638,cand_long
84/140,84,140,ls,0.404,0.054,-0.672,0.08,0.163,0.672,0.063,-0.453,0.14,82,0.11,15638,cand_long
104/374,104,374,long,0.587,0.074,-0.538,0.138,0.139,0.815,0.074,-0.329,0.225,81,0.111,15327,cand_ls
104/374,104,374,ls,0.279,0.033,-0.849,0.039,0.164,0.566,0.052,-0.571,0.092,81,0.111,15327,cand_ls
104/376,104,376,long,0.606,0.077,-0.512,0.151,0.138,0.841,0.076,-0.315,0.243,81,0.111,15324,cand_ls
104/376,104,376,ls,0.305,0.037,-0.83,0.045,0.164,0.599,0.056,-0.528,0.106,81,0.111,15324,cand_ls
104/378,104,378,long,0.603,0.077,-0.514,0.149,0.138,0.835,0.076,-0.311,0.244,81,0.111,15322,cand_ls
104/378,104,378,ls,0.305,0.037,-0.826,0.045,0.164,0.603,0.056,-0.516,0.109,81,0.111,15322,cand_ls
106/378,106,378,long,0.599,0.076,-0.517,0.147,0.138,0.835,0.076,-0.315,0.241,81,0.111,15322,cand_ls
106/378,106,378,ls,0.298,0.036,-0.829,0.044,0.164,0.598,0.056,-0.513,0.108,81,0.111,15322,cand_ls
116/378,116,378,long,0.599,0.076,-0.508,0.15,0.139,0.847,0.077,-0.314,0.246,81,0.111,15322,cand_ls
116/378,116,378,ls,0.3,0.036,-0.828,0.044,0.164,0.605,0.056,-0.536,0.105,81,0.111,15322,cand_ls
120/376,120,376,long,0.603,0.077,-0.506,0.152,0.138,0.849,0.077,-0.315,0.246,81,0.111,15324,cand_ls
120/376,120,376,ls,0.301,0.037,-0.83,0.044,0.164,0.603,0.056,-0.536,0.105,81,0.111,15324,cand_ls
120/380,120,380,long,0.59,0.075,-0.506,0.148,0.138,0.835,0.076,-0.317,0.239,81,0.111,15320,cand_ls
120/380,120,380,ls,0.284,0.034,-0.826,0.041,0.164,0.585,0.054,-0.516,0.105,81,0.111,15320,cand_ls
120/382,120,382,long,0.586,0.074,-0.505,0.147,0.138,0.837,0.076,-0.312,0.244,81,0.111,15317,cand_ls
120/382,120,382,ls,0.277,0.033,-0.824,0.039,0.164,0.584,0.054,-0.507,0.107,81,0.111,15317,cand_ls
120/384,120,384,long,0.578,0.073,-0.54,0.135,0.138,0.825,0.075,-0.326,0.231,81,0.111,15314,cand_ls
120/384,120,384,ls,0.267,0.031,-0.844,0.037,0.164,0.588,0.055,-0.5,0.109,81,0.111,15314,cand_ls
120/386,120,386,long,0.578,0.073,-0.544,0.134,0.138,0.818,0.074,-0.351,0.212,81,0.111,15312,cand_ls
120/386,120,386,ls,0.264,0.03,-0.848,0.036,0.164,0.575,0.053,-0.524,0.102,81,0.111,15312,cand_ls
120/388,120,388,long,0.582,0.073,-0.543,0.135,0.138,0.83,0.076,-0.348,0.217,81,0.111,15308,cand_ls
120/388,120,388,ls,0.265,0.031,-0.851,0.036,0.164,0.58,0.054,-0.532,0.101,81,0.111,15308,cand_ls
120/390,120,390,long,0.599,0.076,-0.539,0.14,0.138,0.849,0.078,-0.337,0.231,81,0.111,15305,cand_ls
120/390,120,390,ls,0.28,0.033,-0.847,0.039,0.164,0.591,0.055,-0.54,0.102,81,0.111,15305,cand_ls
120/392,120,392,long,0.594,0.075,-0.539,0.139,0.138,0.843,0.077,-0.335,0.23,81,0.111,15303,cand_ls
120/392,120,392,ls,0.276,0.032,-0.845,0.038,0.164,0.586,0.054,-0.532,0.102,81,0.111,15303,cand_ls
120/394,120,394,long,0.59,0.074,-0.538,0.138,0.138,0.837,0.076,-0.334,0.229,81,0.111,15301,cand_ls
120/394,120,394,ls,0.266,0.031,-0.849,0.036,0.164,0.58,0.054,-0.539,0.1,81,0.111,15301,cand_ls
120/396,120,396,long,0.58,0.073,-0.54,0.135,0.138,0.826,0.075,-0.335,0.225,81,0.111,15297,cand_ls
120/396,120,396,ls,0.253,0.028,-0.847,0.033,0.164,0.567,0.052,-0.532,0.099,81,0.111,15297,cand_ls
120/398,120,398,long,0.586,0.074,-0.533,0.138,0.138,0.836,0.076,-0.306,0.249,81,0.111,15294,cand_ls
120/398,120,398,ls,0.263,0.03,-0.832,0.036,0.164,0.576,0.053,-0.506,0.106,81,0.111,15294,cand_ls
120/400,120,400,long,0.585,0.074,-0.533,0.138,0.138,0.84,0.077,-0.305,0.251,81,0.111,15292,cand_ls
120/400,120,400,ls,0.253,0.028,-0.845,0.034,0.164,0.564,0.052,-0.541,0.097,81,0.111,15292,cand_ls
