asset,fold,test,best_fast,best_slow,is_sharpe,oos_of_is_best,oos_oracle,oos_median
etf/GLD,1,2010-09-09..2012-05-19,2,162,1.607,-0.088,0.999,0.324
etf/GLD,2,2012-05-19..2014-01-26,66,108,0.999,0.832,1.161,0.714
etf/GLD,3,2014-01-26..2015-10-06,38,150,1.161,-0.342,0.499,0.309
etf/GLD,4,2015-10-06..2017-06-14,46,156,0.499,-0.39,0.952,-0.802
etf/GLD,5,2017-06-14..2019-02-22,6,12,0.952,0.104,1.08,-0.326
etf/QQQ,1,2010-09-09..2012-05-19,38,60,1.334,-0.927,0.312,0.304
etf/QQQ,2,2012-05-19..2014-01-26,98,156,0.312,2.225,2.345,2.175
etf/QQQ,3,2014-01-26..2015-10-06,26,150,2.345,-0.036,0.932,0.423
etf/QQQ,4,2015-10-06..2017-06-14,46,78,0.932,0.978,2.434,2.11
etf/QQQ,5,2017-06-14..2019-02-22,26,156,2.434,-0.065,0.761,0.007
etf/SHY,1,2010-09-09..2012-05-19,2,156,1.827,0.956,1.967,1.274
etf/SHY,2,2012-05-19..2014-01-26,62,144,1.967,-1.721,0.548,-0.783
etf/SHY,3,2014-01-26..2015-10-06,110,168,0.548,1.098,1.141,1.098
etf/SHY,4,2015-10-06..2017-06-14,14,162,1.141,-1.219,0.427,-0.832
etf/SHY,5,2017-06-14..2019-02-22,118,246,0.427,1.073,2.006,1.147
etf/SPY,1,2010-09-09..2012-05-19,38,72,1.036,-1.058,0.683,-0.903
etf/SPY,2,2012-05-19..2014-01-26,2,48,0.683,0.564,2.179,1.945
etf/SPY,3,2014-01-26..2015-10-06,18,126,2.179,-1.006,0.38,-0.101
etf/SPY,4,2015-10-06..2017-06-14,58,132,0.38,1.705,2.035,1.764
etf/SPY,5,2017-06-14..2019-02-22,10,156,2.035,-0.383,1.186,-0.25
fut_commodity/BRENT_W,1,1996-04-22..2001-11-22,50,84,0.71,1.059,1.488,0.728
fut_commodity/BRENT_W,2,2001-11-22..2007-06-25,2,66,1.488,0.614,0.927,0.608
fut_commodity/BRENT_W,3,2007-06-25..2013-01-24,6,360,0.927,-0.134,0.851,-0.324
fut_commodity/BRENT_W,4,2013-01-24..2018-08-26,6,18,0.851,0.116,0.561,0.139
fut_commodity/BRENT_W,5,2018-08-26..2024-03-28,66,396,0.561,0.036,0.704,0.344
fut_commodity/COPPER,1,2000-06-05..2005-03-10,2,180,0.605,0.616,1.008,0.604
fut_commodity/COPPER,2,2005-03-10..2009-12-14,82,396,1.008,-0.419,1.577,0.186
fut_commodity/COPPER,3,2009-12-14..2014-09-18,6,66,1.577,-0.238,0.136,-0.458
fut_commodity/COPPER,4,2014-09-18..2019-06-23,10,48,0.136,-0.303,0.457,-0.148
fut_commodity/COPPER,5,2019-06-23..2024-03-28,2,306,0.457,0.356,0.568,0.006
fut_commodity/CORN,1,1981-05-15..1989-12-11,6,66,0.548,0.432,0.86,0.29
fut_commodity/CORN,2,1989-12-11..1998-07-08,30,48,0.86,0.066,0.25,-0.167
fut_commodity/CORN,3,1998-07-08..2007-02-03,18,42,0.25,0.299,0.611,-0.024
fut_commodity/CORN,4,2007-02-03..2015-08-31,10,24,0.611,0.509,0.907,0.314
fut_commodity/CORN,5,2015-08-31..2024-03-28,2,108,0.907,0.172,0.404,0.163
fut_commodity/COTTON,1,2009-12-28..2012-11-03,6,54,0.495,1.554,1.891,0.977
fut_commodity/COTTON,2,2012-11-03..2015-09-10,54,108,1.891,-0.458,0.735,-0.213
fut_commodity/COTTON,3,2015-09-10..2018-07-16,2,372,0.735,-0.586,0.722,0.02
fut_commodity/COTTON,4,2018-07-16..2021-05-22,118,246,0.722,-0.065,1.118,0.317
fut_commodity/COTTON,5,2021-05-22..2024-03-28,10,36,1.118,0.142,0.775,-0.369
fut_commodity/CRUDE_W,1,2007-06-01..2010-10-12,6,108,1.455,0.54,1.309,-0.897
fut_commodity/CRUDE_W,2,2010-10-12..2014-02-22,2,24,1.309,-0.399,0.703,-0.891
fut_commodity/CRUDE_W,3,2014-02-22..2017-07-05,14,30,0.703,-0.063,0.796,-0.185
fut_commodity/CRUDE_W,4,2017-07-05..2020-11-15,6,12,0.796,0.888,0.962,-0.224
fut_commodity/CRUDE_W,5,2020-11-15..2024-03-28,2,18,0.962,-0.449,0.911,0.086
fut_commodity/GAS_US,1,1996-03-05..2001-10-15,10,18,1.149,0.335,0.763,0.271
fut_commodity/GAS_US,2,2001-10-15..2007-05-27,26,66,0.763,0.21,0.464,0.039
fut_commodity/GAS_US,3,2007-05-27..2013-01-05,2,216,0.464,1.152,1.395,0.928
fut_commodity/GAS_US,4,2013-01-05..2018-08-17,66,312,1.395,0.594,0.779,0.124
fut_commodity/GAS_US,5,2018-08-17..2024-03-28,54,384,0.779,0.393,0.784,0.455
fut_commodity/GOLD,1,1983-05-31..1991-07-30,2,114,0.901,-0.409,0.6,0.387
fut_commodity/GOLD,2,1991-07-30..1999-09-29,110,318,0.6,0.435,0.547,0.226
fut_commodity/GOLD,3,1999-09-29..2007-11-28,6,42,0.547,-0.278,0.786,0.64
fut_commodity/GOLD,4,2007-11-28..2016-01-27,118,360,0.786,0.763,0.86,0.509
fut_commodity/GOLD,5,2016-01-27..2024-03-28,98,336,0.86,-0.174,0.369,-0.248
fut_commodity/SILVER,1,1979-06-02..1988-05-19,62,114,0.492,0.432,1.551,0.253
fut_commodity/SILVER,2,1988-05-19..1997-05-06,2,12,1.551,-1.028,0.176,-0.094
fut_commodity/SILVER,3,1997-05-06..2006-04-23,58,204,0.176,0.254,0.654,0.331
fut_commodity/SILVER,4,2006-04-23..2015-04-10,102,348,0.654,0.226,0.535,0.238
fut_commodity/SILVER,5,2015-04-10..2024-03-28,2,18,0.535,-0.054,0.128,-0.551
fut_commodity/SOYBEAN,1,1994-05-05..2000-04-27,2,6,-0.048,-0.543,0.718,0.005
fut_commodity/SOYBEAN,2,2000-04-27..2006-04-20,22,120,0.718,-0.294,0.996,-0.897
fut_commodity/SOYBEAN,3,2006-04-20..2012-04-12,6,84,0.996,0.654,0.943,0.434
fut_commodity/SOYBEAN,4,2012-04-12..2018-04-05,34,108,0.943,-0.827,0.064,-0.495
fut_commodity/SOYBEAN,5,2018-04-05..2024-03-28,6,24,0.064,-0.304,0.562,0.312
fut_commodity/WHEAT,1,1982-05-06..1990-09-21,110,288,0.639,0.778,0.904,0.668
fut_commodity/WHEAT,2,1990-09-21..1999-02-07,50,330,0.904,0.03,0.747,0.275
fut_commodity/WHEAT,3,1999-02-07..2007-06-25,22,42,0.747,-0.469,0.454,0.159
fut_commodity/WHEAT,4,2007-06-25..2015-11-10,82,144,0.454,-0.025,0.535,0.019
fut_commodity/WHEAT,5,2015-11-10..2024-03-28,2,102,0.535,-0.062,0.417,0.05
fut_equity/BOVESPA,1,2014-10-30..2016-09-16,10,36,1.048,0.45,0.918,-0.354
fut_equity/BOVESPA,2,2016-09-16..2018-08-05,34,156,0.918,-0.514,0.897,-0.321
fut_equity/BOVESPA,3,2018-08-05..2020-06-22,118,210,0.897,-1.475,0.853,-1.472
fut_equity/BOVESPA,4,2020-06-22..2022-05-10,14,30,0.853,0.307,0.826,-0.154
fut_equity/BOVESPA,5,2022-05-10..2024-03-28,18,78,0.826,-0.327,0.089,-1.018
fut_equity/CAC,1,2011-10-13..2014-04-10,6,348,0.648,1.095,1.434,1.061
fut_equity/CAC,2,2014-04-10..2016-10-06,2,282,1.434,-1.681,0.11,-0.789
fut_equity/CAC,3,2016-10-06..2019-04-04,2,12,0.11,-0.119,0.784,-0.229
fut_equity/CAC,4,2019-04-04..2021-09-30,6,384,0.784,0.61,1.076,0.052
fut_equity/CAC,5,2021-09-30..2024-03-28,14,360,1.076,0.19,1.217,0.394
fut_equity/DAX,1,2004-03-15..2008-03-18,34,162,1.062,0.574,1.252,0.821
fut_equity/DAX,2,2008-03-18..2012-03-20,6,288,1.252,0.263,0.844,-0.171
fut_equity/DAX,3,2012-03-20..2016-03-23,38,102,0.844,0.111,0.45,-0.04
fut_equity/DAX,4,2016-03-23..2020-03-25,114,318,0.45,-1.013,0.701,-0.65
fut_equity/DAX,5,2020-03-25..2024-03-28,2,78,0.701,0.241,0.913,0.093
fut_equity/EUROSTX200-LARGE,1,2015-01-13..2016-11-15,70,120,1.0,-0.363,0.292,-0.693
fut_equity/EUROSTX200-LARGE,2,2016-11-15..2018-09-19,74,156,0.292,-0.274,0.09,0.035
fut_equity/EUROSTX200-LARGE,3,2018-09-19..2020-07-22,10,18,0.09,0.828,0.992,-1.204
fut_equity/EUROSTX200-LARGE,4,2020-07-22..2022-05-25,2,12,0.992,-0.336,1.029,0.329
fut_equity/EUROSTX200-LARGE,5,2022-05-25..2024-03-28,30,78,1.029,0.336,1.57,0.676
fut_equity/FTSE100,1,1991-01-11..1997-09-02,6,12,0.744,-0.712,0.461,0.147
fut_equity/FTSE100,2,1997-09-02..2004-04-24,10,354,0.461,-0.107,0.441,0.008
fut_equity/FTSE100,3,2004-04-24..2010-12-15,18,90,0.441,0.512,0.603,0.318
fut_equity/FTSE100,4,2010-12-15..2017-08-06,78,156,0.603,-0.062,0.337,-0.035
fut_equity/FTSE100,5,2017-08-06..2024-03-28,86,378,0.337,-0.299,0.182,-0.383
fut_equity/HANG,1,1998-12-27..2004-01-15,10,36,0.52,0.927,0.991,0.588
fut_equity/HANG,2,2004-01-15..2009-02-01,18,30,0.991,0.325,0.96,0.766
fut_equity/HANG,3,2009-02-01..2014-02-20,94,192,0.96,-0.288,0.615,-0.261
fut_equity/HANG,4,2014-02-20..2019-03-10,26,48,0.615,0.508,0.731,0.133
fut_equity/HANG,5,2019-03-10..2024-03-28,62,96,0.731,-0.112,0.527,0.152
fut_equity/IBEX,1,2001-10-31..2006-04-25,86,348,0.897,0.346,1.235,0.398
fut_equity/IBEX,2,2006-04-25..2010-10-18,34,396,1.235,-0.687,0.915,-0.25
fut_equity/IBEX,3,2010-10-18..2015-04-11,10,72,0.915,-0.005,0.878,0.568
fut_equity/IBEX,4,2015-04-11..2019-10-04,50,264,0.878,-0.527,0.306,-0.465
fut_equity/IBEX,5,2019-10-04..2024-03-28,74,150,0.306,0.012,0.737,-0.031
fut_equity/KOSPI,1,2015-11-14..2017-07-18,14,30,0.491,0.582,2.764,2.764
fut_equity/KOSPI,2,2017-07-18..2019-03-21,14,150,2.764,0.369,0.856,0.414
fut_equity/KOSPI,3,2019-03-21..2020-11-22,42,144,0.856,-0.266,1.137,-0.76
fut_equity/KOSPI,4,2020-11-22..2022-07-26,6,78,1.137,0.981,1.206,0.195
fut_equity/KOSPI,5,2022-07-26..2024-03-29,14,72,1.206,-1.14,1.202,0.429
fut_equity/NIKKEI,1,2013-07-28..2015-09-15,118,282,1.69,0.898,1.219,0.898
fut_equity/NIKKEI,2,2015-09-15..2017-11-03,18,234,1.219,1.715,1.985,0.976
fut_equity/NIKKEI,3,2017-11-03..2019-12-22,10,258,1.985,-0.677,0.816,-0.574
fut_equity/NIKKEI,4,2019-12-22..2022-02-08,62,324,0.816,-0.293,1.012,-0.03
fut_equity/NIKKEI,5,2022-02-08..2024-03-29,58,150,1.012,1.188,2.443,1.47
fut_equity/TOPIX,1,2012-07-13..2014-11-15,6,30,0.864,0.01,1.524,0.938
fut_equity/TOPIX,2,2014-11-15..2017-03-20,34,84,1.524,0.249,0.794,-0.312
fut_equity/TOPIX,3,2017-03-20..2019-07-23,10,294,0.794,-0.653,0.473,-0.483
fut_equity/TOPIX,4,2019-07-23..2021-11-24,2,6,0.473,-0.392,1.705,1.237
fut_equity/TOPIX,5,2021-11-24..2024-03-29,46,210,1.705,1.076,2.496,1.52
fut_rates/BOBL,1,2010-11-07..2013-07-12,2,318,2.237,0.555,1.536,0.861
fut_rates/BOBL,2,2013-07-12..2016-03-16,70,162,1.536,1.561,1.906,1.235
fut_rates/BOBL,3,2016-03-16..2018-11-19,58,120,1.906,-0.226,0.86,-0.201
fut_rates/BOBL,4,2018-11-19..2021-07-24,102,336,0.86,-0.421,0.332,-0.475
fut_rates/BOBL,5,2021-07-24..2024-03-28,118,396,0.332,0.082,0.869,0.217
fut_rates/BUND,1,2009-10-20..2012-09-09,14,360,0.979,1.355,1.808,0.951
fut_rates/BUND,2,2012-09-09..2015-07-30,90,378,1.808,1.455,2.147,1.443
fut_rates/BUND,3,2015-07-30..2018-06-19,82,264,2.147,-0.116,0.806,-0.092
fut_rates/BUND,4,2018-06-19..2021-05-08,46,378,0.806,0.126,0.995,0.157
fut_rates/BUND,5,2021-05-08..2024-03-28,42,84,0.995,0.351,0.988,0.438
fut_rates/GILT,1,1998-11-15..2003-12-12,98,384,1.075,-0.657,0.325,-0.415
fut_rates/GILT,2,2003-12-12..2009-01-07,2,36,0.325,0.353,0.756,0.258
fut_rates/GILT,3,2009-01-07..2014-02-03,6,330,0.756,0.861,1.13,0.657
fut_rates/GILT,4,2014-02-03..2019-03-02,42,318,1.13,0.276,0.689,0.212
fut_rates/GILT,5,2019-03-02..2024-03-28,82,354,0.689,0.244,0.537,0.268
fut_rates/JGB,1,2005-08-23..2009-05-13,14,36,1.161,-0.27,0.603,-0.034
fut_rates/JGB,2,2009-05-13..2013-01-30,110,270,0.603,0.966,1.456,0.779
fut_rates/JGB,3,2013-01-30..2016-10-20,2,390,1.456,1.198,1.554,1.291
fut_rates/JGB,4,2016-10-20..2020-07-09,66,144,1.554,-0.12,0.491,-0.436
fut_rates/JGB,5,2020-07-09..2024-03-29,106,312,0.491,-0.458,0.296,-0.635
fut_rates/OAT,1,2014-08-09..2016-07-13,82,204,2.788,1.936,2.184,1.392
fut_rates/OAT,2,2016-07-13..2018-06-17,70,222,2.184,0.254,1.24,0.237
fut_rates/OAT,3,2018-06-17..2020-05-20,10,72,1.24,-0.177,0.949,0.677
fut_rates/OAT,4,2020-05-20..2022-04-24,70,126,0.949,0.299,1.469,0.238
fut_rates/OAT,5,2022-04-24..2024-03-28,10,24,1.469,-1.606,0.506,-0.336
fut_rates/US10,1,1997-10-16..2003-01-30,6,126,1.163,0.479,1.171,0.758
fut_rates/US10,2,2003-01-30..2008-05-15,54,342,1.171,-0.179,0.703,-0.19
fut_rates/US10,3,2008-05-15..2013-08-29,6,30,0.703,-0.072,1.172,0.765
fut_rates/US10,4,2013-08-29..2018-12-13,102,264,1.172,-0.008,0.624,0.12
fut_rates/US10,5,2018-12-13..2024-03-28,14,96,0.624,0.674,1.04,0.703
fut_rates/US20,1,1998-08-07..2003-09-23,6,162,0.928,0.082,0.694,0.177
fut_rates/US20,2,2003-09-23..2008-11-08,2,12,0.694,0.048,0.282,-0.137
fut_rates/US20,3,2008-11-08..2013-12-25,98,210,0.282,0.141,0.864,0.242
fut_rates/US20,4,2013-12-25..2019-02-10,14,360,0.864,-0.146,0.699,-0.233
fut_rates/US20,5,2019-02-10..2024-03-28,18,48,0.699,0.375,0.882,0.413
fx_futures/AUD,1,1993-08-02..1999-09-19,14,168,0.778,0.219,0.787,0.175
fx_futures/AUD,2,1999-09-19..2005-11-05,62,96,0.787,0.514,1.089,0.797
fx_futures/AUD,3,2005-11-05..2011-12-23,74,186,1.089,0.459,0.824,0.522
fx_futures/AUD,4,2011-12-23..2018-02-08,6,144,0.824,0.251,0.649,-0.234
fx_futures/AUD,5,2018-02-08..2024-03-28,2,36,0.649,-0.127,0.489,0.002
fx_futures/CAD,1,1981-04-17..1989-11-18,2,18,1.199,0.138,1.071,0.871
fx_futures/CAD,2,1989-11-18..1998-06-21,38,252,1.071,0.059,0.649,0.257
fx_futures/CAD,3,1998-06-21..2007-01-22,106,246,0.649,0.499,0.738,0.489
fx_futures/CAD,4,2007-01-22..2015-08-25,38,228,0.738,0.253,0.477,0.131
fx_futures/CAD,5,2015-08-25..2024-03-28,18,228,0.477,-0.358,0.166,-0.325
fx_futures/CHF,1,1981-04-17..1989-11-18,6,18,1.329,0.339,1.182,0.859
fx_futures/CHF,2,1989-11-18..1998-06-21,34,222,1.182,0.074,0.692,0.075
fx_futures/CHF,3,1998-06-21..2007-01-22,10,36,0.692,-0.142,0.498,0.236
fx_futures/CHF,4,2007-01-22..2015-08-25,118,228,0.498,-0.022,0.203,-0.089
fx_futures/CHF,5,2015-08-25..2024-03-28,82,180,0.203,-0.58,-0.198,-0.515
fx_futures/CLP,1,2016-07-15..2018-01-29,2,126,1.132,-0.048,0.84,0.322
fx_futures/CLP,2,2018-01-29..2019-08-14,114,180,0.84,1.084,1.206,1.084
fx_futures/CLP,3,2019-08-14..2021-02-27,42,126,1.206,0.33,0.954,-0.205
fx_futures/CLP,4,2021-02-27..2022-09-12,50,90,0.954,0.365,0.933,0.933
fx_futures/CLP,5,2022-09-12..2024-03-28,86,138,0.933,-0.149,1.179,-0.517
fx_futures/CNH,1,2015-03-01..2016-12-23,14,30,1.752,0.048,1.17,-0.072
fx_futures/CNH,2,2016-12-23..2018-10-17,10,180,1.17,1.219,3.081,0.029
fx_futures/CNH,3,2018-10-17..2020-08-10,6,72,3.081,0.004,0.897,-1.147
fx_futures/CNH,4,2020-08-10..2022-06-04,14,30,0.897,1.171,1.639,0.246
fx_futures/CNH,5,2022-06-04..2024-03-29,6,24,1.639,0.697,1.941,1.049
fx_futures/CZK,1,2007-12-16..2011-03-19,2,396,1.697,-0.487,1.086,-0.424
fx_futures/CZK,2,2011-03-19..2014-06-21,2,48,1.086,-0.23,0.466,-0.629
fx_futures/CZK,3,2014-06-21..2017-09-22,110,396,0.466,-0.203,0.781,0.13
fx_futures/CZK,4,2017-09-22..2020-12-24,18,330,0.781,-0.053,0.63,0.055
fx_futures/CZK,5,2020-12-24..2024-03-28,22,216,0.63,-0.431,0.493,-0.468
fx_futures/EUR,1,2003-08-01..2007-09-18,10,396,1.155,-0.162,0.725,0.078
fx_futures/EUR,2,2007-09-18..2011-11-05,2,252,0.725,-0.033,0.609,-0.522
fx_futures/EUR,3,2011-11-05..2015-12-23,2,36,0.609,0.107,0.878,0.259
fx_futures/EUR,4,2015-12-23..2020-02-09,2,396,0.878,0.774,1.121,0.486
fx_futures/EUR,5,2020-02-09..2024-03-28,10,186,1.121,-0.145,0.604,-0.002
fx_futures/GBP,1,1984-01-02..1992-01-19,34,366,1.42,0.758,1.048,0.439
fx_futures/GBP,2,1992-01-19..2000-02-05,2,18,1.048,-0.536,0.031,-0.254
fx_futures/GBP,3,2000-02-05..2008-02-22,94,222,0.031,0.493,0.745,0.423
fx_futures/GBP,4,2008-02-22..2016-03-10,50,114,0.745,-0.086,0.703,-0.459
fx_futures/GBP,5,2016-03-10..2024-03-28,6,72,0.703,0.194,0.557,-0.243
fx_futures/INR,1,2017-04-02..2018-08-25,46,96,1.569,0.601,0.774,0.038
fx_futures/INR,2,2018-08-25..2020-01-18,42,96,0.774,0.08,0.824,0.824
fx_futures/INR,3,2020-01-18..2021-06-11,70,108,0.824,0.867,1.207,0.021
fx_futures/INR,4,2021-06-11..2022-11-03,38,102,1.207,-0.293,0.49,-0.149
fx_futures/INR,5,2022-11-03..2024-03-28,106,390,0.49,0.064,0.128,-0.415
fx_futures/JPY,1,1985-04-01..1993-01-17,6,48,1.405,0.757,1.112,0.365
fx_futures/JPY,2,1993-01-17..2000-11-04,26,60,1.112,0.681,0.871,0.201
fx_futures/JPY,3,2000-11-04..2008-08-22,6,78,0.871,-0.075,0.405,-0.063
fx_futures/JPY,4,2008-08-22..2016-06-09,26,78,0.405,0.141,0.957,0.607
fx_futures/JPY,5,2016-06-09..2024-03-28,10,396,0.957,0.307,0.752,0.388
fx_futures/NOK,1,2006-01-30..2009-09-17,62,300,0.721,0.141,0.805,0.277
fx_futures/NOK,2,2009-09-17..2013-05-06,14,132,0.805,-0.474,0.347,-0.557
fx_futures/NOK,3,2013-05-06..2016-12-22,2,6,0.347,-0.23,1.144,0.578
fx_futures/NOK,4,2016-12-22..2020-08-09,30,330,1.144,0.267,0.779,0.229
fx_futures/NOK,5,2020-08-09..2024-03-28,14,24,0.779,0.024,0.797,0.174
fx_futures/NZD,1,2006-09-12..2010-03-16,78,132,0.965,0.589,1.191,0.305
fx_futures/NZD,2,2010-03-16..2013-09-18,38,114,1.191,-0.407,0.66,-0.35
fx_futures/NZD,3,2013-09-18..2017-03-22,70,390,0.66,0.038,0.669,0.068
fx_futures/NZD,4,2017-03-22..2020-09-23,26,240,0.669,-0.256,0.54,-0.108
fx_futures/NZD,5,2020-09-23..2024-03-28,2,120,0.54,-0.715,0.707,-0.155
fx_futures/PLN,1,2007-12-12..2011-03-16,6,396,1.704,-1.743,0.994,-0.777
fx_futures/PLN,2,2011-03-16..2014-06-18,18,30,0.994,-0.253,0.627,-0.18
fx_futures/PLN,3,2014-06-18..2017-09-20,66,378,0.627,-0.039,0.618,0.035
fx_futures/PLN,4,2017-09-20..2020-12-23,30,228,0.618,0.301,0.71,-0.065
fx_futures/PLN,5,2020-12-23..2024-03-28,30,168,0.71,0.517,0.745,0.355
fx_futures/SEK,1,2006-01-30..2009-09-17,66,114,1.033,0.755,0.851,0.261
fx_futures/SEK,2,2009-09-17..2013-05-06,2,186,0.851,-0.415,0.447,-0.386
fx_futures/SEK,3,2013-05-06..2016-12-22,18,186,0.447,0.728,1.331,0.858
fx_futures/SEK,4,2016-12-22..2020-08-09,114,282,1.331,-0.13,1.114,0.523
fx_futures/SEK,5,2020-08-09..2024-03-28,2,330,1.114,0.2,0.858,0.357
fx_futures/ZAR,1,2001-11-27..2006-05-16,6,204,0.791,0.456,1.117,0.285
fx_futures/ZAR,2,2006-05-16..2010-11-03,38,66,1.117,0.374,0.644,0.178
fx_futures/ZAR,3,2010-11-03..2015-04-22,6,384,0.644,0.65,0.772,0.412
fx_futures/ZAR,4,2015-04-22..2019-10-09,2,378,0.772,-0.156,0.66,-0.336
fx_futures/ZAR,5,2019-10-09..2024-03-28,2,6,0.66,-0.183,0.377,-0.014
index/^DJI,1,2010-09-09..2012-05-19,78,132,1.234,-0.842,0.457,-0.866
index/^DJI,2,2012-05-19..2014-01-26,2,54,0.457,0.281,1.847,1.606
index/^DJI,3,2014-01-26..2015-10-06,38,126,1.847,0.485,0.701,-0.407
index/^DJI,4,2015-10-06..2017-06-14,54,132,0.701,1.698,2.143,1.966
index/^DJI,5,2017-06-14..2019-02-22,10,156,2.143,-1.123,0.906,-0.295
index/^GSPC,1,2010-09-09..2012-05-19,26,132,0.958,-0.769,0.495,-1.039
index/^GSPC,2,2012-05-19..2014-01-26,2,54,0.495,0.266,2.005,1.773
index/^GSPC,3,2014-01-26..2015-10-06,22,126,2.005,-0.778,0.27,-0.264
index/^GSPC,4,2015-10-06..2017-06-14,78,132,0.27,1.488,1.82,1.553
index/^GSPC,5,2017-06-14..2019-02-22,14,156,1.82,-0.509,1.125,-0.398
index/^IXIC,1,2010-09-09..2012-05-19,22,66,1.209,-1.22,0.389,-0.947
index/^IXIC,2,2012-05-19..2014-01-26,2,54,0.389,0.659,2.457,2.263
index/^IXIC,3,2014-01-26..2015-10-06,6,150,2.457,-0.502,0.767,0.322
index/^IXIC,4,2015-10-06..2017-06-14,66,132,0.767,1.378,2.269,1.904
index/^IXIC,5,2017-06-14..2019-02-22,26,156,2.269,-0.534,0.808,-0.132
index/^RUT,1,2010-09-09..2012-05-19,26,72,1.054,-0.556,0.292,-1.148
index/^RUT,2,2012-05-19..2014-01-26,22,36,0.292,1.459,2.221,1.793
index/^RUT,3,2014-01-26..2015-10-06,30,126,2.221,-0.366,0.469,-0.625
index/^RUT,4,2015-10-06..2017-06-14,10,180,0.469,1.286,1.655,1.286
index/^RUT,5,2017-06-14..2019-02-22,14,156,1.655,-0.286,1.085,-0.201
index_pkg/NDX,1,2002-05-04..2005-09-02,54,150,0.932,0.042,1.085,0.277
index_pkg/NDX,2,2005-09-02..2009-01-01,98,258,1.085,0.365,0.616,0.38
index_pkg/NDX,3,2009-01-01..2012-05-02,10,264,0.616,-0.44,1.076,0.195
index_pkg/NDX,4,2012-05-02..2015-09-01,42,378,1.076,0.681,1.354,0.936
index_pkg/NDX,5,2015-09-01..2018-12-31,14,228,1.354,0.784,1.453,0.738
index_pkg/SPX,1,2002-05-04..2005-09-02,74,198,0.707,0.217,1.175,0.622
index_pkg/SPX,2,2005-09-02..2009-01-01,30,258,1.175,0.66,0.725,0.481
index_pkg/SPX,3,2009-01-01..2012-05-02,70,198,0.725,0.108,0.966,0.055
index_pkg/SPX,4,2012-05-02..2015-09-01,74,378,0.966,0.406,1.23,0.654
index_pkg/SPX,5,2015-09-01..2018-12-31,74,132,1.23,0.95,1.246,0.555
stock/AAPL,1,2010-09-09..2012-05-19,42,66,2.196,0.987,1.63,1.546
stock/AAPL,2,2012-05-19..2014-01-26,26,150,1.63,0.506,1.47,0.065
stock/AAPL,3,2014-01-26..2015-10-06,6,48,1.47,0.405,1.852,0.528
stock/AAPL,4,2015-10-06..2017-06-14,38,60,1.852,0.013,1.82,0.979
stock/AAPL,5,2017-06-14..2019-02-22,2,162,1.82,0.699,1.062,-0.094
stock/AXP,1,2010-09-09..2012-05-19,26,126,1.598,-1.3,0.869,0.517
stock/AXP,2,2012-05-19..2014-01-26,74,132,0.869,1.984,2.328,2.004
stock/AXP,3,2014-01-26..2015-10-06,22,144,2.328,-0.261,0.371,-0.559
stock/AXP,4,2015-10-06..2017-06-14,2,210,0.371,0.157,1.335,0.144
stock/AXP,5,2017-06-14..2019-02-22,6,18,1.335,0.093,1.01,1.01
stock/BA,1,2010-09-09..2012-05-19,34,132,1.5,-0.422,0.263,-1.336
stock/BA,2,2012-05-19..2014-01-26,10,48,0.263,1.492,3.016,3.016
stock/BA,3,2014-01-26..2015-10-06,2,162,3.016,-0.614,0.199,-0.615
stock/BA,4,2015-10-06..2017-06-14,118,186,0.199,1.807,2.233,1.778
stock/BA,5,2017-06-14..2019-02-22,102,162,2.233,0.916,1.186,1.021
stock/CAT,1,2010-09-09..2012-05-19,118,348,1.808,-0.359,1.153,-1.334
stock/CAT,2,2012-05-19..2014-01-26,10,30,1.153,-1.771,-0.003,-1.503
stock/CAT,3,2014-01-26..2015-10-06,2,6,-0.003,0.011,1.227,0.154
stock/CAT,4,2015-10-06..2017-06-14,6,36,1.227,-0.406,1.885,1.692
stock/CAT,5,2017-06-14..2019-02-22,6,156,1.885,-1.078,0.418,-1.05
stock/CSCO,1,2010-09-09..2012-05-19,30,126,1.244,-0.129,0.795,-0.595
stock/CSCO,2,2012-05-19..2014-01-26,2,144,0.795,-0.054,1.256,0.556
stock/CSCO,3,2014-01-26..2015-10-06,26,114,1.256,-0.844,0.642,0.131
stock/CSCO,4,2015-10-06..2017-06-14,110,168,0.642,0.801,1.286,0.801
stock/CSCO,5,2017-06-14..2019-02-22,10,150,1.286,0.235,1.313,1.211
stock/CVX,1,2010-09-09..2012-05-19,118,216,0.861,0.081,0.081,0.081
stock/CVX,2,2012-05-19..2014-01-26,66,168,0.081,0.593,1.004,0.593
stock/CVX,3,2014-01-26..2015-10-06,46,126,1.004,0.382,0.906,0.44
stock/CVX,4,2015-10-06..2017-06-14,6,186,0.906,-0.416,1.14,0.673
stock/CVX,5,2017-06-14..2019-02-22,14,102,1.14,-0.651,0.582,-0.65
stock/DIS,1,2010-09-09..2012-05-19,26,132,1.493,0.38,1.381,-0.979
stock/DIS,2,2012-05-19..2014-01-26,14,60,1.381,0.797,2.231,2.12
stock/DIS,3,2014-01-26..2015-10-06,26,120,2.231,0.269,1.193,0.85
stock/DIS,4,2015-10-06..2017-06-14,6,72,1.193,0.184,1.429,-0.441
stock/DIS,5,2017-06-14..2019-02-22,6,18,1.429,-1.113,0.417,0.068
stock/GE,1,2010-09-09..2012-05-19,2,12,1.033,-0.28,1.128,-1.27
stock/GE,2,2012-05-19..2014-01-26,10,60,1.128,-0.298,1.24,1.196
stock/GE,3,2014-01-26..2015-10-06,6,150,1.24,-0.79,0.488,-1.293
stock/GE,4,2015-10-06..2017-06-14,118,348,0.488,-0.404,0.578,-0.633
stock/GE,5,2017-06-14..2019-02-22,10,18,0.578,0.916,1.461,0.542
stock/GS,1,2010-09-09..2012-05-19,2,48,1.014,0.661,1.208,0.542
stock/GS,2,2012-05-19..2014-01-26,14,54,1.208,0.093,1.701,1.087
stock/GS,3,2014-01-26..2015-10-06,34,60,1.701,0.52,1.063,-0.025
stock/GS,4,2015-10-06..2017-06-14,6,72,1.063,0.254,1.421,0.747
stock/GS,5,2017-06-14..2019-02-22,14,180,1.421,0.485,0.84,0.191
stock/HD,1,2010-09-09..2012-05-19,70,126,0.962,-0.371,1.275,0.271
stock/HD,2,2012-05-19..2014-01-26,26,54,1.275,1.326,1.606,1.435
stock/HD,3,2014-01-26..2015-10-06,6,150,1.606,1.295,1.856,1.372
stock/HD,4,2015-10-06..2017-06-14,2,132,1.856,0.33,1.413,0.618
stock/HD,5,2017-06-14..2019-02-22,2,96,1.413,0.695,1.297,-0.398
stock/IBM,1,2010-09-09..2012-05-19,26,126,1.167,0.937,1.217,0.837
stock/IBM,2,2012-05-19..2014-01-26,46,72,1.217,-0.698,0.093,-0.335
stock/IBM,3,2014-01-26..2015-10-06,66,192,0.093,-1.232,0.455,-0.645
stock/IBM,4,2015-10-06..2017-06-14,14,114,0.455,0.345,1.428,0.312
stock/IBM,5,2017-06-14..2019-02-22,2,96,1.428,-0.736,0.721,-0.989
stock/INTC,1,2010-09-09..2012-05-19,26,60,1.518,-0.46,1.267,0.771
stock/INTC,2,2012-05-19..2014-01-26,78,150,1.267,-0.605,0.429,-0.515
stock/INTC,3,2014-01-26..2015-10-06,46,72,0.429,0.7,1.2,-0.857
stock/INTC,4,2015-10-06..2017-06-14,6,18,1.2,-0.329,0.912,0.492
stock/INTC,5,2017-06-14..2019-02-22,42,168,0.912,0.232,0.924,0.468
stock/JNJ,1,2010-09-09..2012-05-19,2,120,1.141,-1.61,0.219,0.079
stock/JNJ,2,2012-05-19..2014-01-26,22,156,0.219,2.038,2.151,1.977
stock/JNJ,3,2014-01-26..2015-10-06,2,132,2.151,-1.451,0.474,-0.653
stock/JNJ,4,2015-10-06..2017-06-14,50,78,0.474,1.35,1.755,1.509
stock/JNJ,5,2017-06-14..2019-02-22,82,126,1.755,-0.685,0.698,-0.363
stock/JPM,1,2010-09-09..2012-05-19,54,126,0.683,-0.45,1.06,-0.696
stock/JPM,2,2012-05-19..2014-01-26,10,42,1.06,0.527,1.61,1.122
stock/JPM,3,2014-01-26..2015-10-06,10,126,1.61,-0.898,0.66,0.288
stock/JPM,4,2015-10-06..2017-06-14,66,132,0.66,1.851,1.976,1.657
stock/JPM,5,2017-06-14..2019-02-22,62,144,1.976,-0.387,0.923,-0.516
stock/KO,1,2010-09-09..2012-05-19,66,156,1.51,0.891,1.222,0.979
stock/KO,2,2012-05-19..2014-01-26,34,102,1.222,-0.5,0.571,-0.126
stock/KO,3,2014-01-26..2015-10-06,106,168,0.571,-1.304,0.081,-1.164
stock/KO,4,2015-10-06..2017-06-14,118,312,0.081,-0.095,0.976,-0.083
stock/KO,5,2017-06-14..2019-02-22,46,72,0.976,0.011,0.45,-0.252
stock/MCD,1,2010-09-09..2012-05-19,18,192,1.891,0.973,1.556,0.973
stock/MCD,2,2012-05-19..2014-01-26,2,156,1.556,-0.26,0.661,0.563
stock/MCD,3,2014-01-26..2015-10-06,118,282,0.661,-0.027,0.651,-0.648
stock/MCD,4,2015-10-06..2017-06-14,118,312,0.651,1.85,1.85,1.115
stock/MCD,5,2017-06-14..2019-02-22,114,186,1.85,0.908,0.908,0.507
stock/MMM,1,2010-09-09..2012-05-19,46,120,1.644,-0.948,0.253,-1.072
stock/MMM,2,2012-05-19..2014-01-26,34,72,0.253,1.549,2.536,2.294
stock/MMM,3,2014-01-26..2015-10-06,26,126,2.536,-0.226,0.976,0.048
stock/MMM,4,2015-10-06..2017-06-14,58,132,0.976,1.952,2.246,2.15
stock/MMM,5,2017-06-14..2019-02-22,62,96,2.246,-0.571,0.333,-0.801
stock/MRK,1,2010-09-09..2012-05-19,2,6,1.259,-1.015,0.681,-1.136
stock/MRK,2,2012-05-19..2014-01-26,6,90,0.681,-0.249,1.523,1.329
stock/MRK,3,2014-01-26..2015-10-06,46,150,1.523,-0.783,0.394,-0.337
stock/MRK,4,2015-10-06..2017-06-14,82,132,0.394,0.806,1.049,0.815
stock/MRK,5,2017-06-14..2019-02-22,22,102,1.049,0.344,1.883,0.792
stock/MSFT,1,2010-09-09..2012-05-19,2,90,1.727,-0.325,0.85,-0.095
stock/MSFT,2,2012-05-19..2014-01-26,2,12,0.85,-1.762,1.19,0.339
stock/MSFT,3,2014-01-26..2015-10-06,22,114,1.19,-1.149,0.203,-0.66
stock/MSFT,4,2015-10-06..2017-06-14,110,168,0.203,1.966,2.136,1.966
stock/MSFT,5,2017-06-14..2019-02-22,62,144,2.136,0.951,1.14,1.14
stock/NKE,1,2010-09-09..2012-05-19,10,126,1.693,-0.277,1.336,1.145
stock/NKE,2,2012-05-19..2014-01-26,54,138,1.336,1.192,1.954,1.657
stock/NKE,3,2014-01-26..2015-10-06,10,132,1.954,1.977,1.985,1.893
stock/NKE,4,2015-10-06..2017-06-14,6,138,1.985,-0.496,-0.044,-0.616
stock/NKE,5,2017-06-14..2019-02-22,50,114,-0.044,0.63,1.301,1.23
stock/PFE,1,2010-09-09..2012-05-19,14,30,1.037,1.074,1.415,0.232
stock/PFE,2,2012-05-19..2014-01-26,6,78,1.415,-0.232,1.42,1.044
stock/PFE,3,2014-01-26..2015-10-06,10,120,1.42,-0.69,0.562,-0.061
stock/PFE,4,2015-10-06..2017-06-14,70,168,0.562,-1.928,1.069,-1.225
stock/PFE,5,2017-06-14..2019-02-22,6,42,1.069,-0.159,1.509,1.509
stock/PG,1,2010-09-09..2012-05-19,50,150,1.203,-0.691,0.529,0.123
stock/PG,2,2012-05-19..2014-01-26,82,138,0.529,0.971,1.196,1.131
stock/PG,3,2014-01-26..2015-10-06,18,150,1.196,0.649,1.259,0.23
stock/PG,4,2015-10-06..2017-06-14,14,132,1.259,-0.374,1.024,0.882
stock/PG,5,2017-06-14..2019-02-22,30,156,1.024,1.094,1.613,0.61
stock/UNH,1,2010-09-09..2012-05-19,74,150,0.986,0.758,0.839,0.412
stock/UNH,2,2012-05-19..2014-01-26,66,132,0.839,0.783,1.243,0.618
stock/UNH,3,2014-01-26..2015-10-06,38,150,1.243,1.315,1.518,1.28
stock/UNH,4,2015-10-06..2017-06-14,46,78,1.518,1.534,2.187,1.934
stock/UNH,5,2017-06-14..2019-02-22,18,96,2.187,0.181,1.095,1.095
stock/VZ,1,2010-09-09..2012-05-19,2,12,0.961,-1.194,1.129,1.004
stock/VZ,2,2012-05-19..2014-01-26,42,126,1.129,-0.194,0.894,0.865
stock/VZ,3,2014-01-26..2015-10-06,82,126,0.894,-0.609,0.318,-0.626
stock/VZ,4,2015-10-06..2017-06-14,102,162,0.318,0.272,1.192,-0.544
stock/VZ,5,2017-06-14..2019-02-22,2,12,1.192,0.304,1.056,1.056
stock/WMT,1,2010-09-09..2012-05-19,42,72,0.119,-0.464,0.95,-0.2
stock/WMT,2,2012-05-19..2014-01-26,118,264,0.95,0.899,1.615,0.899
stock/WMT,3,2014-01-26..2015-10-06,2,12,1.615,-0.9,1.411,0.592
stock/WMT,4,2015-10-06..2017-06-14,14,150,1.411,0.204,1.239,0.723
stock/WMT,5,2017-06-14..2019-02-22,102,156,1.239,-0.96,0.973,-0.182
stock/XOM,1,2010-09-09..2012-05-19,118,216,0.525,0.158,0.701,-0.436
stock/XOM,2,2012-05-19..2014-01-26,18,30,0.701,-0.679,0.684,0.297
stock/XOM,3,2014-01-26..2015-10-06,102,162,0.684,0.118,0.745,0.349
stock/XOM,4,2015-10-06..2017-06-14,34,54,0.745,0.1,0.606,-0.41
stock/XOM,5,2017-06-14..2019-02-22,18,84,0.606,-1.16,0.673,-1.32
